rank,event,left,mid,right,depth,time
1,divide,0,0,1,10,0.000000
1,merge,0,0,1,10,0.000003
1,divide,0,1,2,9,0.000047
1,merge,0,1,2,9,0.000000
1,divide,3,3,4,10,0.000000
1,merge,3,3,4,10,0.000000
1,divide,3,4,5,9,0.000017
1,merge,3,4,5,9,0.000000
1,divide,0,2,5,8,0.000092
1,merge,0,2,5,8,0.000001
1,divide,6,6,7,10,0.000000
1,merge,6,6,7,10,0.000000
1,divide,6,7,8,9,0.000014
1,merge,6,7,8,9,0.000000
1,divide,9,9,10,10,0.000000
1,merge,9,9,10,10,0.000000
1,divide,9,10,11,9,0.000012
1,merge,9,10,11,9,0.000000
1,divide,6,8,11,8,0.000059
1,merge,6,8,11,8,0.000000
1,divide,0,5,11,7,0.000178
1,merge,0,5,11,7,0.000001
1,divide,12,12,13,10,0.000000
1,merge,12,12,13,10,0.000000
1,divide,12,13,14,9,0.000015
1,merge,12,13,14,9,0.000000
1,divide,15,15,16,10,0.000000
1,merge,15,15,16,10,0.000000
1,divide,15,16,17,9,0.000014
1,merge,15,16,17,9,0.000000
1,divide,12,14,17,8,0.000057
1,merge,12,14,17,8,0.000000
1,divide,18,18,19,10,0.000000
1,merge,18,18,19,10,0.000000
1,divide,18,19,20,9,0.002031
1,merge,18,19,20,9,0.000001
1,divide,21,21,22,10,0.000000
1,merge,21,21,22,10,0.000000
1,divide,21,22,23,9,0.000010
1,merge,21,22,23,9,0.000000
1,divide,18,20,23,8,0.002067
1,merge,18,20,23,8,0.000000
1,divide,12,17,23,7,0.002150
1,merge,12,17,23,7,0.000001
1,divide,0,11,23,6,0.002352
1,merge,0,11,23,6,0.000002
1,divide,24,24,25,10,0.000000
1,merge,24,24,25,10,0.000000
1,divide,24,25,26,9,0.000009
1,merge,24,25,26,9,0.000000
1,divide,27,27,28,10,0.000000
1,merge,27,27,28,10,0.000000
1,divide,27,28,29,9,0.000008
1,merge,27,28,29,9,0.000000
1,divide,24,26,29,8,0.000036
1,merge,24,26,29,8,0.000000
1,divide,30,30,31,10,0.000000
1,merge,30,30,31,10,0.000000
1,divide,30,31,32,9,0.000008
1,merge,30,31,32,9,0.000000
1,divide,33,33,34,10,0.000000
1,merge,33,33,34,10,0.000000
1,divide,33,34,35,9,0.000008
1,merge,33,34,35,9,0.000000
1,divide,30,32,35,8,0.000034
1,merge,30,32,35,8,0.000000
1,divide,24,29,35,7,0.000088
1,merge,24,29,35,7,0.000001
1,divide,36,36,37,10,0.000000
1,merge,36,36,37,10,0.000000
1,divide,36,37,38,9,0.000012
1,merge,36,37,38,9,0.000000
1,divide,39,39,40,10,0.000000
1,merge,39,39,40,10,0.000000
1,divide,39,40,41,9,0.000013
1,merge,39,40,41,9,0.000000
1,divide,36,38,41,8,0.000042
1,merge,36,38,41,8,0.000000
1,divide,42,42,43,10,0.000000
1,merge,42,42,43,10,0.000000
1,divide,42,43,44,9,0.000009
1,merge,42,43,44,9,0.000000
1,divide,45,45,46,9,0.000000
1,merge,45,45,46,9,0.000000
1,divide,42,44,46,8,0.000028
1,merge,42,44,46,8,0.000000
1,divide,36,41,46,7,0.000094
1,merge,36,41,46,7,0.000001
1,divide,24,35,46,6,0.000205
1,merge,24,35,46,6,0.000002
1,divide,0,23,46,5,0.002580
1,merge,0,23,46,5,0.000002
1,divide,47,47,48,10,0.000000
1,merge,47,47,48,10,0.000000
1,divide,47,48,49,9,0.000011
1,merge,47,48,49,9,0.000000
1,divide,50,50,51,10,0.000000
1,merge,50,50,51,10,0.000000
1,divide,50,51,52,9,0.000009
1,merge,50,51,52,9,0.000000
1,divide,47,49,52,8,0.000040
1,merge,47,49,52,8,0.000000
1,divide,53,53,54,10,0.000000
1,merge,53,53,54,10,0.000000
1,divide,53,54,55,9,0.000013
1,merge,53,54,55,9,0.000000
1,divide,56,56,57,10,0.000000
1,merge,56,56,57,10,0.000000
1,divide,56,57,58,9,0.000015
1,merge,56,57,58,9,0.000000
1,divide,53,55,58,8,0.000054
1,merge,53,55,58,8,0.000000
1,divide,47,52,58,7,0.000133
1,merge,47,52,58,7,0.000001
1,divide,59,59,60,10,0.000000
1,merge,59,59,60,10,0.000000
1,divide,59,60,61,9,0.000015
1,merge,59,60,61,9,0.000000
1,divide,62,62,63,10,0.000000
1,merge,62,62,63,10,0.000000
1,divide,62,63,64,9,0.000016
1,merge,62,63,64,9,0.000000
1,divide,59,61,64,8,0.000058
1,merge,59,61,64,8,0.000000
1,divide,65,65,66,10,0.000000
1,merge,65,65,66,10,0.000000
1,divide,65,66,67,9,0.000013
1,merge,65,66,67,9,0.000000
1,divide,68,68,69,10,0.000000
1,merge,68,68,69,10,0.000000
1,divide,68,69,70,9,0.000011
1,merge,68,69,70,9,0.000000
1,divide,65,67,70,8,0.000050
1,merge,65,67,70,8,0.000000
1,divide,59,64,70,7,0.000138
1,merge,59,64,70,7,0.000001
1,divide,47,58,70,6,0.000297
1,merge,47,58,70,6,0.000001
1,divide,71,71,72,10,0.000000
1,merge,71,71,72,10,0.000000
1,divide,71,72,73,9,0.000014
1,merge,71,72,73,9,0.000000
1,divide,74,74,75,10,0.000000
1,merge,74,74,75,10,0.000000
1,divide,74,75,76,9,0.000023
1,merge,74,75,76,9,0.000000
1,divide,71,73,76,8,0.000062
1,merge,71,73,76,8,0.000000
1,divide,77,77,78,10,0.000000
1,merge,77,77,78,10,0.000000
1,divide,77,78,79,9,0.000016
1,merge,77,78,79,9,0.000000
1,divide,80,80,81,10,0.000000
1,merge,80,80,81,10,0.000000
1,divide,80,81,82,9,0.000013
1,merge,80,81,82,9,0.000000
1,divide,77,79,82,8,0.000057
1,merge,77,79,82,8,0.000000
1,divide,71,76,82,7,0.000145
1,merge,71,76,82,7,0.000001
1,divide,83,83,84,10,0.000000
1,merge,83,83,84,10,0.000000
1,divide,83,84,85,9,0.000012
1,merge,83,84,85,9,0.000000
1,divide,86,86,87,10,0.000000
1,merge,86,86,87,10,0.000000
1,divide,86,87,88,9,0.000013
1,merge,86,87,88,9,0.000000
1,divide,83,85,88,8,0.000053
1,merge,83,85,88,8,0.000000
1,divide,89,89,90,10,0.000000
1,merge,89,89,90,10,0.000000
1,divide,89,90,91,9,0.000012
1,merge,89,90,91,9,0.000000
1,divide,92,92,93,9,0.000000
1,merge,92,92,93,9,0.000000
1,divide,89,91,93,8,0.000040
1,merge,89,91,93,8,0.000000
1,divide,83,88,93,7,0.000121
1,merge,83,88,93,7,0.000001
1,divide,71,82,93,6,0.000295
1,merge,71,82,93,6,0.000001
1,divide,47,70,93,5,0.000621
1,merge,47,70,93,5,0.000002
1,divide,0,46,93,4,0.003225
1,merge,0,46,93,4,0.000010
1,divide,94,94,95,10,0.000000
1,merge,94,94,95,10,0.000000
1,divide,94,95,96,9,0.000013
1,merge,94,95,96,9,0.000000
1,divide,97,97,98,10,0.000000
1,merge,97,97,98,10,0.000001
1,divide,97,98,99,9,0.000016
1,merge,97,98,99,9,0.000001
1,divide,94,96,99,8,0.003069
1,merge,94,96,99,8,0.000001
1,divide,100,100,101,10,0.000000
1,merge,100,100,101,10,0.000001
1,divide,100,101,102,9,0.000010
1,merge,100,101,102,9,0.000000
1,divide,103,103,104,10,0.000000
1,merge,103,103,104,10,0.000001
1,divide,103,104,105,9,0.000009
1,merge,103,104,105,9,0.000000
1,divide,100,102,105,8,0.000036
1,merge,100,102,105,8,0.000000
1,divide,94,99,105,7,0.003124
1,merge,94,99,105,7,0.000001
1,divide,106,106,107,10,0.000000
1,merge,106,106,107,10,0.000000
1,divide,106,107,108,9,0.000010
1,merge,106,107,108,9,0.000000
1,divide,109,109,110,10,0.000000
1,merge,109,109,110,10,0.000000
1,divide,109,110,111,9,0.000008
1,merge,109,110,111,9,0.000000
1,divide,106,108,111,8,0.000036
1,merge,106,108,111,8,0.000000
1,divide,112,112,113,10,0.000000
1,merge,112,112,113,10,0.000000
1,divide,112,113,114,9,0.000008
1,merge,112,113,114,9,0.000000
1,divide,115,115,116,10,0.000000
1,merge,115,115,116,10,0.000000
1,divide,115,116,117,9,0.000012
1,merge,115,116,117,9,0.000000
1,divide,112,114,117,8,0.000036
1,merge,112,114,117,8,0.000000
1,divide,106,111,117,7,0.000091
1,merge,106,111,117,7,0.000001
1,divide,94,105,117,6,0.003238
1,merge,94,105,117,6,0.000001
1,divide,118,118,119,10,0.000000
1,merge,118,118,119,10,0.000000
1,divide,118,119,120,9,0.000008
1,merge,118,119,120,9,0.000000
1,divide,121,121,122,10,0.000000
1,merge,121,121,122,10,0.000000
1,divide,121,122,123,9,0.000010
1,merge,121,122,123,9,0.000000
1,divide,118,120,123,8,0.000037
1,merge,118,120,123,8,0.000000
1,divide,124,124,125,10,0.000000
1,merge,124,124,125,10,0.000000
1,divide,124,125,126,9,0.000010
1,merge,124,125,126,9,0.000000
1,divide,127,127,128,10,0.000000
1,merge,127,127,128,10,0.000000
1,divide,127,128,129,9,0.000009
1,merge,127,128,129,9,0.000000
1,divide,124,126,129,8,0.000037
1,merge,124,126,129,8,0.000000
1,divide,118,123,129,7,0.000091
1,merge,118,123,129,7,0.000001
1,divide,130,130,131,10,0.000000
1,merge,130,130,131,10,0.000000
1,divide,130,131,132,9,0.000010
1,merge,130,131,132,9,0.000000
1,divide,133,133,134,10,0.000000
1,merge,133,133,134,10,0.000000
1,divide,133,134,135,9,0.000009
1,merge,133,134,135,9,0.000000
1,divide,130,132,135,8,0.000037
1,merge,130,132,135,8,0.000000
1,divide,136,136,137,10,0.000000
1,merge,136,136,137,10,0.000000
1,divide,136,137,138,9,0.000009
1,merge,136,137,138,9,0.000000
1,divide,139,139,140,9,0.000000
1,merge,139,139,140,9,0.000000
1,divide,136,138,140,8,0.000030
1,merge,136,138,140,8,0.000000
1,divide,130,135,140,7,0.000085
1,merge,130,135,140,7,0.000001
1,divide,118,129,140,6,0.000195
1,merge,118,129,140,6,0.000001
1,divide,94,117,140,5,0.003452
1,merge,94,117,140,5,0.000002
1,divide,141,141,142,10,0.000000
1,merge,141,141,142,10,0.000000
1,divide,141,142,143,9,0.000009
1,merge,141,142,143,9,0.000000
1,divide,144,144,145,10,0.000000
1,merge,144,144,145,10,0.000000
1,divide,144,145,146,9,0.000011
1,merge,144,145,146,9,0.000000
1,divide,141,143,146,8,0.000041
1,merge,141,143,146,8,0.000000
1,divide,147,147,148,10,0.000000
1,merge,147,147,148,10,0.000000
1,divide,147,148,149,9,0.000011
1,merge,147,148,149,9,0.000000
1,divide,150,150,151,10,0.000000
1,merge,150,150,151,10,0.000000
1,divide,150,151,152,9,0.000008
1,merge,150,151,152,9,0.000000
1,divide,147,149,152,8,0.000038
1,merge,147,149,152,8,0.000000
1,divide,141,146,152,7,0.000096
1,merge,141,146,152,7,0.000001
1,divide,153,153,154,10,0.000000
1,merge,153,153,154,10,0.000000
1,divide,153,154,155,9,0.000011
1,merge,153,154,155,9,0.000000
1,divide,156,156,157,10,0.000000
1,merge,156,156,157,10,0.000000
1,divide,156,157,158,9,0.000009
1,merge,156,157,158,9,0.000000
1,divide,153,155,158,8,0.000038
1,merge,153,155,158,8,0.000000
1,divide,159,159,160,10,0.000000
1,merge,159,159,160,10,0.000000
1,divide,159,160,161,9,0.000012
1,merge,159,160,161,9,0.000000
1,divide,162,162,163,10,0.000000
1,merge,162,162,163,10,0.000000
1,divide,162,163,164,9,0.000011
1,merge,162,163,164,9,0.000000
1,divide,159,161,164,8,0.000039
1,merge,159,161,164,8,0.000000
1,divide,153,158,164,7,0.000093
1,merge,153,158,164,7,0.000001
1,divide,141,152,164,6,0.000208
1,merge,141,152,164,6,0.000001
1,divide,165,165,166,10,0.000000
1,merge,165,165,166,10,0.000000
1,divide,165,166,167,9,0.000011
1,merge,165,166,167,9,0.000000
1,divide,168,168,169,10,0.000000
1,merge,168,168,169,10,0.000000
1,divide,168,169,170,9,0.000008
1,merge,168,169,170,9,0.000000
1,divide,165,167,170,8,0.000037
1,merge,165,167,170,8,0.000000
1,divide,171,171,172,10,0.000000
1,merge,171,171,172,10,0.000000
1,divide,171,172,173,9,0.000008
1,merge,171,172,173,9,0.000000
1,divide,174,174,175,10,0.000000
1,merge,174,174,175,10,0.000000
1,divide,174,175,176,9,0.000009
1,merge,174,175,176,9,0.000000
1,divide,171,173,176,8,0.000036
1,merge,171,173,176,8,0.000000
1,divide,165,170,176,7,0.000095
1,merge,165,170,176,7,0.000001
1,divide,177,177,178,10,0.000000
1,merge,177,177,178,10,0.000000
1,divide,177,178,179,9,0.000010
1,merge,177,178,179,9,0.000000
1,divide,180,180,181,10,0.000000
1,merge,180,180,181,10,0.000000
1,divide,180,181,182,9,0.000014
1,merge,180,181,182,9,0.000000
1,divide,177,179,182,8,0.000042
1,merge,177,179,182,8,0.000000
1,divide,183,183,184,10,0.000000
1,merge,183,183,184,10,0.000000
1,divide,183,184,185,9,0.000008
1,merge,183,184,185,9,0.000000
1,divide,186,186,187,9,0.000000
1,merge,186,186,187,9,0.000000
1,divide,183,185,187,8,0.000027
1,merge,183,185,187,8,0.000000
1,divide,177,182,187,7,0.000089
1,merge,177,182,187,7,0.000001
1,divide,165,176,187,6,0.000204
1,merge,165,176,187,6,0.000001
1,divide,141,164,187,5,0.000430
1,merge,141,164,187,5,0.000002
1,divide,94,140,187,4,0.003914
1,merge,94,140,187,4,0.000004
1,divide,0,93,187,3,0.007178
1,merge,0,93,187,3,0.000013
1,divide,188,188,189,10,0.000000
1,merge,188,188,189,10,0.000000
1,divide,188,189,190,9,0.000008
1,merge,188,189,190,9,0.000000
1,divide,191,191,192,10,0.000000
1,merge,191,191,192,10,0.000000
1,divide,191,192,193,9,0.000011
1,merge,191,192,193,9,0.000000
1,divide,188,190,193,8,0.000037
1,merge,188,190,193,8,0.000000
1,divide,194,194,195,10,0.000000
1,merge,194,194,195,10,0.000000
1,divide,194,195,196,9,0.000010
1,merge,194,195,196,9,0.000000
1,divide,197,197,198,10,0.000000
1,merge,197,197,198,10,0.000000
1,divide,197,198,199,9,0.000093
1,merge,197,198,199,9,0.000000
1,divide,194,196,199,8,0.000130
1,merge,194,196,199,8,0.000000
1,divide,188,193,199,7,0.000185
1,merge,188,193,199,7,0.000001
1,divide,200,200,201,10,0.000000
1,merge,200,200,201,10,0.000000
1,divide,200,201,202,9,0.000008
1,merge,200,201,202,9,0.000000
1,divide,203,203,204,10,0.000000
1,merge,203,203,204,10,0.000000
1,divide,203,204,205,9,0.000008
1,merge,203,204,205,9,0.000000
1,divide,200,202,205,8,0.000035
1,merge,200,202,205,8,0.000000
1,divide,206,206,207,10,0.000000
1,merge,206,206,207,10,0.000000
1,divide,206,207,208,9,0.000009
1,merge,206,207,208,9,0.000000
1,divide,209,209,210,10,0.000000
1,merge,209,209,210,10,0.000000
1,divide,209,210,211,9,0.000009
1,merge,209,210,211,9,0.000000
1,divide,206,208,211,8,0.000037
1,merge,206,208,211,8,0.000000
1,divide,200,205,211,7,0.000096
1,merge,200,205,211,7,0.000001
1,divide,188,199,211,6,0.000300
1,merge,188,199,211,6,0.000001
1,divide,212,212,213,10,0.000000
1,merge,212,212,213,10,0.000000
1,divide,212,213,214,9,0.000013
1,merge,212,213,214,9,0.000000
1,divide,215,215,216,10,0.000000
1,merge,215,215,216,10,0.000000
1,divide,215,216,217,9,0.000008
1,merge,215,216,217,9,0.000000
1,divide,212,214,217,8,0.000039
1,merge,212,214,217,8,0.000000
1,divide,218,218,219,10,0.000000
1,merge,218,218,219,10,0.000000
1,divide,218,219,220,9,0.000008
1,merge,218,219,220,9,0.000000
1,divide,221,221,222,10,0.000000
1,merge,221,221,222,10,0.000000
1,divide,221,222,223,9,0.000012
1,merge,221,222,223,9,0.000000
1,divide,218,220,223,8,0.000039
1,merge,218,220,223,8,0.000000
1,divide,212,217,223,7,0.000099
1,merge,212,217,223,7,0.000000
1,divide,224,224,225,10,0.000000
1,merge,224,224,225,10,0.000000
1,divide,224,225,226,9,0.000009
1,merge,224,225,226,9,0.000000
1,divide,227,227,228,10,0.000000
1,merge,227,227,228,10,0.000000
1,divide,227,228,229,9,0.000008
1,merge,227,228,229,9,0.000001
1,divide,224,226,229,8,0.000040
1,merge,224,226,229,8,0.000000
1,divide,230,230,231,10,0.000000
1,merge,230,230,231,10,0.000000
1,divide,230,231,232,9,0.000008
1,merge,230,231,232,9,0.000000
1,divide,233,233,234,9,0.000000
1,merge,233,233,234,9,0.000000
1,divide,230,232,234,8,0.000027
1,merge,230,232,234,8,0.000000
1,divide,224,229,234,7,0.000087
1,merge,224,229,234,7,0.000001
1,divide,212,223,234,6,0.000204
1,merge,212,223,234,6,0.000001
1,divide,188,211,234,5,0.000524
1,merge,188,211,234,5,0.000002
1,divide,235,235,236,10,0.000000
1,merge,235,235,236,10,0.000000
1,divide,235,236,237,9,0.000008
1,merge,235,236,237,9,0.000000
1,divide,238,238,239,10,0.000000
1,merge,238,238,239,10,0.000000
1,divide,238,239,240,9,0.000010
1,merge,238,239,240,9,0.000000
1,divide,235,237,240,8,0.000036
1,merge,235,237,240,8,0.000000
1,divide,241,241,242,10,0.000000
1,merge,241,241,242,10,0.000000
1,divide,241,242,243,9,0.000009
1,merge,241,242,243,9,0.000002
1,divide,244,244,245,10,0.000000
1,merge,244,244,245,10,0.000000
1,divide,244,245,246,9,0.000011
1,merge,244,245,246,9,0.000000
1,divide,241,243,246,8,0.000039
1,merge,241,243,246,8,0.000000
1,divide,235,240,246,7,0.000095
1,merge,235,240,246,7,0.000001
1,divide,247,247,248,10,0.000000
1,merge,247,247,248,10,0.000000
1,divide,247,248,249,9,0.000008
1,merge,247,248,249,9,0.000000
1,divide,250,250,251,10,0.000000
1,merge,250,250,251,10,0.000000
1,divide,250,251,252,9,0.000012
1,merge,250,251,252,9,0.000000
1,divide,247,249,252,8,0.000037
1,merge,247,249,252,8,0.000000
1,divide,253,253,254,10,0.000000
1,merge,253,253,254,10,0.000000
1,divide,253,254,255,9,0.000008
1,merge,253,254,255,9,0.000000
1,divide,256,256,257,10,0.000000
1,merge,256,256,257,10,0.000000
1,divide,256,257,258,9,0.000009
1,merge,256,257,258,9,0.000000
1,divide,253,255,258,8,0.000035
1,merge,253,255,258,8,0.000000
1,divide,247,252,258,7,0.000092
1,merge,247,252,258,7,0.000002
1,divide,235,246,258,6,0.000210
1,merge,235,246,258,6,0.000001
1,divide,259,259,260,10,0.000000
1,merge,259,259,260,10,0.000000
1,divide,259,260,261,9,0.000011
1,merge,259,260,261,9,0.000000
1,divide,262,262,263,10,0.000000
1,merge,262,262,263,10,0.000000
1,divide,262,263,264,9,0.000008
1,merge,262,263,264,9,0.000000
1,divide,259,261,264,8,0.000036
1,merge,259,261,264,8,0.000000
1,divide,265,265,266,10,0.000000
1,merge,265,265,266,10,0.000000
1,divide,265,266,267,9,0.000009
1,merge,265,266,267,9,0.000000
1,divide,268,268,269,10,0.000000
1,merge,268,268,269,10,0.000000
1,divide,268,269,270,9,0.000009
1,merge,268,269,270,9,0.000000
1,divide,265,267,270,8,0.000040
1,merge,265,267,270,8,0.000000
1,divide,259,264,270,7,0.000095
1,merge,259,264,270,7,0.000001
1,divide,271,271,272,10,0.000000
1,merge,271,271,272,10,0.000000
1,divide,271,272,273,9,0.000014
1,merge,271,272,273,9,0.000000
1,divide,274,274,275,10,0.000000
1,merge,274,274,275,10,0.000002
1,divide,274,275,276,9,0.000010
1,merge,274,275,276,9,0.000000
1,divide,271,273,276,8,0.000047
1,merge,271,273,276,8,0.000000
1,divide,277,277,278,10,0.000000
1,merge,277,277,278,10,0.000000
1,divide,277,278,279,9,0.000011
1,merge,277,278,279,9,0.000000
1,divide,280,280,281,9,0.000000
1,merge,280,280,281,9,0.000000
1,divide,277,279,281,8,0.000027
1,merge,277,279,281,8,0.000000
1,divide,271,276,281,7,0.000093
1,merge,271,276,281,7,0.000001
1,divide,259,270,281,6,0.000212
1,merge,259,270,281,6,0.000001
1,divide,235,258,281,5,0.000439
1,merge,235,258,281,5,0.000002
1,divide,188,234,281,4,0.000988
1,merge,188,234,281,4,0.000004
1,divide,282,282,283,10,0.000000
1,merge,282,282,283,10,0.000000
1,divide,282,283,284,9,0.000009
1,merge,282,283,284,9,0.000000
1,divide,285,285,286,10,0.000000
1,merge,285,285,286,10,0.000000
1,divide,285,286,287,9,0.000008
1,merge,285,286,287,9,0.000000
1,divide,282,284,287,8,0.000035
1,merge,282,284,287,8,0.000000
1,divide,288,288,289,10,0.000000
1,merge,288,288,289,10,0.000000
1,divide,288,289,290,9,0.000008
1,merge,288,289,290,9,0.000000
1,divide,291,291,292,10,0.000000
1,merge,291,291,292,10,0.000000
1,divide,291,292,293,9,0.001576
1,merge,291,292,293,9,0.000001
1,divide,288,290,293,8,0.001608
1,merge,288,290,293,8,0.000000
1,divide,282,287,293,7,0.001667
1,merge,282,287,293,7,0.000001
1,divide,294,294,295,10,0.000000
1,merge,294,294,295,10,0.000001
1,divide,294,295,296,9,0.000010
1,merge,294,295,296,9,0.000000
1,divide,297,297,298,10,0.000000
1,merge,297,297,298,10,0.000000
1,divide,297,298,299,9,0.000008
1,merge,297,298,299,9,0.000000
1,divide,294,296,299,8,0.000041
1,merge,294,296,299,8,0.000000
1,divide,300,300,301,10,0.000000
1,merge,300,300,301,10,0.000000
1,divide,300,301,302,9,0.000008
1,merge,300,301,302,9,0.000000
1,divide,303,303,304,10,0.000000
1,merge,303,303,304,10,0.000000
1,divide,303,304,305,9,0.000010
1,merge,303,304,305,9,0.000000
1,divide,300,302,305,8,0.000035
1,merge,300,302,305,8,0.000000
1,divide,294,299,305,7,0.000100
1,merge,294,299,305,7,0.000001
1,divide,282,293,305,6,0.001784
1,merge,282,293,305,6,0.000001
1,divide,306,306,307,10,0.000000
1,merge,306,306,307,10,0.000000
1,divide,306,307,308,9,0.000008
1,merge,306,307,308,9,0.000000
1,divide,309,309,310,10,0.000000
1,merge,309,309,310,10,0.000000
1,divide,309,310,311,9,0.000011
1,merge,309,310,311,9,0.000000
1,divide,306,308,311,8,0.000041
1,merge,306,308,311,8,0.000000
1,divide,312,312,313,10,0.000000
1,merge,312,312,313,10,0.000000
1,divide,312,313,314,9,0.000008
1,merge,312,313,314,9,0.000000
1,divide,315,315,316,10,0.000000
1,merge,315,315,316,10,0.000000
1,divide,315,316,317,9,0.000012
1,merge,315,316,317,9,0.000000
1,divide,312,314,317,8,0.000037
1,merge,312,314,317,8,0.000000
1,divide,306,311,317,7,0.000103
1,merge,306,311,317,7,0.000000
1,divide,318,318,319,10,0.000000
1,merge,318,318,319,10,0.000000
1,divide,318,319,320,9,0.000009
1,merge,318,319,320,9,0.000000
1,divide,321,321,322,10,0.000000
1,merge,321,321,322,10,0.000000
1,divide,321,322,323,9,0.000009
1,merge,321,322,323,9,0.000000
1,divide,318,320,323,8,0.000037
1,merge,318,320,323,8,0.000000
1,divide,324,324,325,10,0.000000
1,merge,324,324,325,10,0.000000
1,divide,324,325,326,9,0.000009
1,merge,324,325,326,9,0.000000
1,divide,327,327,328,9,0.000000
1,merge,327,327,328,9,0.000000
1,divide,324,326,328,8,0.000031
1,merge,324,326,328,8,0.000000
1,divide,318,323,328,7,0.000085
1,merge,318,323,328,7,0.000001
1,divide,306,317,328,6,0.000207
1,merge,306,317,328,6,0.000001
1,divide,282,305,328,5,0.002013
1,merge,282,305,328,5,0.000002
1,divide,329,329,330,10,0.000000
1,merge,329,329,330,10,0.000000
1,divide,329,330,331,9,0.000011
1,merge,329,330,331,9,0.000000
1,divide,332,332,333,10,0.000000
1,merge,332,332,333,10,0.000000
1,divide,332,333,334,9,0.000008
1,merge,332,333,334,9,0.000000
1,divide,329,331,334,8,0.000040
1,merge,329,331,334,8,0.000000
1,divide,335,335,336,10,0.000000
1,merge,335,335,336,10,0.000000
1,divide,335,336,337,9,0.000025
1,merge,335,336,337,9,0.000000
1,divide,338,338,339,10,0.000000
1,merge,338,338,339,10,0.000000
1,divide,338,339,340,9,0.000008
1,merge,338,339,340,9,0.000000
1,divide,335,337,340,8,0.000057
1,merge,335,337,340,8,0.000000
1,divide,329,334,340,7,0.000114
1,merge,329,334,340,7,0.000001
1,divide,341,341,342,10,0.000000
1,merge,341,341,342,10,0.000000
1,divide,341,342,343,9,0.000010
1,merge,341,342,343,9,0.000000
1,divide,344,344,345,10,0.000000
1,merge,344,344,345,10,0.000000
1,divide,344,345,346,9,0.000010
1,merge,344,345,346,9,0.000000
1,divide,341,343,346,8,0.000038
1,merge,341,343,346,8,0.000000
1,divide,347,347,348,10,0.000000
1,merge,347,347,348,10,0.000000
1,divide,347,348,349,9,0.000008
1,merge,347,348,349,9,0.000000
1,divide,350,350,351,9,0.000000
1,merge,350,350,351,9,0.000000
1,divide,347,349,351,8,0.000029
1,merge,347,349,351,8,0.000000
1,divide,341,346,351,7,0.000085
1,merge,341,346,351,7,0.000001
1,divide,329,340,351,6,0.000221
1,merge,329,340,351,6,0.000001
1,divide,352,352,353,10,0.000000
1,merge,352,352,353,10,0.000000
1,divide,352,353,354,9,0.000009
1,merge,352,353,354,9,0.000000
1,divide,355,355,356,10,0.000000
1,merge,355,355,356,10,0.000000
1,divide,355,356,357,9,0.000008
1,merge,355,356,357,9,0.000003
1,divide,352,354,357,8,0.000038
1,merge,352,354,357,8,0.000000
1,divide,358,358,359,10,0.000000
1,merge,358,358,359,10,0.000000
1,divide,358,359,360,9,0.000010
1,merge,358,359,360,9,0.000000
1,divide,361,361,362,10,0.000000
1,merge,361,361,362,10,0.000000
1,divide,361,362,363,9,0.000010
1,merge,361,362,363,9,0.000001
1,divide,358,360,363,8,0.000038
1,merge,358,360,363,8,0.000000
1,divide,352,357,363,7,0.000098
1,merge,352,357,363,7,0.000001
1,divide,364,364,365,10,0.000000
1,merge,364,364,365,10,0.000001
1,divide,364,365,366,9,0.000008
1,merge,364,365,366,9,0.000000
1,divide,367,367,368,10,0.000000
1,merge,367,367,368,10,0.000000
1,divide,367,368,369,9,0.000010
1,merge,367,368,369,9,0.000000
1,divide,364,366,369,8,0.000036
1,merge,364,366,369,8,0.000000
1,divide,370,370,371,10,0.000000
1,merge,370,370,371,10,0.000000
1,divide,370,371,372,9,0.000010
1,merge,370,371,372,9,0.000000
1,divide,373,373,374,9,0.000000
1,merge,373,373,374,9,0.000000
1,divide,370,372,374,8,0.000028
1,merge,370,372,374,8,0.000000
1,divide,364,369,374,7,0.000082
1,merge,364,369,374,7,0.000000
1,divide,352,363,374,6,0.000196
1,merge,352,363,374,6,0.000001
1,divide,329,351,374,5,0.000435
1,merge,329,351,374,5,0.000004
1,divide,282,328,374,4,0.002472
1,merge,282,328,374,4,0.000004
1,divide,188,281,374,3,0.003487
1,merge,188,281,374,3,0.000007
1,divide,0,187,374,2,0.010704
1,merge,0,187,374,2,0.000018
1,divide,375,375,376,10,0.000000
1,merge,375,375,376,10,0.000000
1,divide,375,376,377,9,0.000010
1,merge,375,376,377,9,0.000000
1,divide,378,378,379,10,0.000000
1,merge,378,378,379,10,0.000000
1,divide,378,379,380,9,0.000009
1,merge,378,379,380,9,0.000000
1,divide,375,377,380,8,0.000038
1,merge,375,377,380,8,0.000000
1,divide,381,381,382,10,0.000000
1,merge,381,381,382,10,0.000000
1,divide,381,382,383,9,0.000010
1,merge,381,382,383,9,0.000000
1,divide,384,384,385,10,0.000000
1,merge,384,384,385,10,0.000000
1,divide,384,385,386,9,0.000010
1,merge,384,385,386,9,0.000000
1,divide,381,383,386,8,0.000038
1,merge,381,383,386,8,0.000000
1,divide,375,380,386,7,0.000093
1,merge,375,380,386,7,0.000001
1,divide,387,387,388,10,0.000000
1,merge,387,387,388,10,0.000000
1,divide,387,388,389,9,0.000008
1,merge,387,388,389,9,0.000000
1,divide,390,390,391,10,0.000000
1,merge,390,390,391,10,0.000000
1,divide,390,391,392,9,0.000011
1,merge,390,391,392,9,0.000000
1,divide,387,389,392,8,0.000035
1,merge,387,389,392,8,0.000000
1,divide,393,393,394,10,0.000000
1,merge,393,393,394,10,0.000000
1,divide,393,394,395,9,0.000009
1,merge,393,394,395,9,0.000000
1,divide,396,396,397,10,0.000000
1,merge,396,396,397,10,0.000000
1,divide,396,397,398,9,0.000011
1,merge,396,397,398,9,0.000000
1,divide,393,395,398,8,0.000036
1,merge,393,395,398,8,0.000000
1,divide,387,392,398,7,0.000093
1,merge,387,392,398,7,0.000001
1,divide,375,386,398,6,0.000208
1,merge,375,386,398,6,0.000003
1,divide,399,399,400,10,0.000000
1,merge,399,399,400,10,0.000000
1,divide,399,400,401,9,0.000008
1,merge,399,400,401,9,0.000000
1,divide,402,402,403,10,0.000000
1,merge,402,402,403,10,0.000000
1,divide,402,403,404,9,0.000011
1,merge,402,403,404,9,0.000000
1,divide,399,401,404,8,0.000036
1,merge,399,401,404,8,0.000000
1,divide,405,405,406,10,0.000000
1,merge,405,405,406,10,0.000000
1,divide,405,406,407,9,0.000010
1,merge,405,406,407,9,0.000000
1,divide,408,408,409,10,0.000000
1,merge,408,408,409,10,0.000000
1,divide,408,409,410,9,0.000016
1,merge,408,409,410,9,0.000000
1,divide,405,407,410,8,0.000043
1,merge,405,407,410,8,0.000000
1,divide,399,404,410,7,0.000096
1,merge,399,404,410,7,0.000001
1,divide,411,411,412,10,0.000000
1,merge,411,411,412,10,0.000000
1,divide,411,412,413,9,0.000008
1,merge,411,412,413,9,0.000000
1,divide,414,414,415,10,0.000000
1,merge,414,414,415,10,0.000000
1,divide,414,415,416,9,0.000013
1,merge,414,415,416,9,0.000000
1,divide,411,413,416,8,0.000038
1,merge,411,413,416,8,0.000000
1,divide,417,417,418,10,0.000000
1,merge,417,417,418,10,0.000000
1,divide,417,418,419,9,0.000010
1,merge,417,418,419,9,0.000000
1,divide,420,420,421,9,0.000000
1,merge,420,420,421,9,0.000000
1,divide,417,419,421,8,0.000029
1,merge,417,419,421,8,0.000000
1,divide,411,416,421,7,0.000085
1,merge,411,416,421,7,0.000001
1,divide,399,410,421,6,0.000203
1,merge,399,410,421,6,0.000001
1,divide,375,398,421,5,0.000441
1,merge,375,398,421,5,0.000002
1,divide,422,422,423,10,0.000000
1,merge,422,422,423,10,0.000000
1,divide,422,423,424,9,0.000008
1,merge,422,423,424,9,0.000000
1,divide,425,425,426,10,0.000000
1,merge,425,425,426,10,0.000000
1,divide,425,426,427,9,0.000010
1,merge,425,426,427,9,0.000000
1,divide,422,424,427,8,0.000035
1,merge,422,424,427,8,0.000000
1,divide,428,428,429,10,0.000000
1,merge,428,428,429,10,0.000000
1,divide,428,429,430,9,0.000010
1,merge,428,429,430,9,0.000000
1,divide,431,431,432,10,0.000000
1,merge,431,431,432,10,0.000000
1,divide,431,432,433,9,0.000010
1,merge,431,432,433,9,0.000000
1,divide,428,430,433,8,0.000039
1,merge,428,430,433,8,0.000003
1,divide,422,427,433,7,0.004994
1,merge,422,427,433,7,0.000001
1,divide,434,434,435,10,0.000000
1,merge,434,434,435,10,0.000001
1,divide,434,435,436,9,0.000010
1,merge,434,435,436,9,0.000001
1,divide,437,437,438,10,0.000000
1,merge,437,437,438,10,0.000000
1,divide,437,438,439,9,0.000011
1,merge,437,438,439,9,0.000000
1,divide,434,436,439,8,0.000040
1,merge,434,436,439,8,0.000000
1,divide,440,440,441,10,0.000000
1,merge,440,440,441,10,0.000000
1,divide,440,441,442,9,0.000010
1,merge,440,441,442,9,0.000000
1,divide,443,443,444,10,0.000000
1,merge,443,443,444,10,0.000000
1,divide,443,444,445,9,0.000011
1,merge,443,444,445,9,0.000000
1,divide,440,442,445,8,0.000047
1,merge,440,442,445,8,0.000000
1,divide,434,439,445,7,0.000111
1,merge,434,439,445,7,0.000001
1,divide,422,433,445,6,0.005126
1,merge,422,433,445,6,0.000001
1,divide,446,446,447,10,0.000000
1,merge,446,446,447,10,0.000000
1,divide,446,447,448,9,0.000012
1,merge,446,447,448,9,0.000000
1,divide,449,449,450,10,0.000000
1,merge,449,449,450,10,0.000000
1,divide,449,450,451,9,0.000010
1,merge,449,450,451,9,0.000000
1,divide,446,448,451,8,0.000043
1,merge,446,448,451,8,0.000000
1,divide,452,452,453,10,0.000000
1,merge,452,452,453,10,0.000000
1,divide,452,453,454,9,0.000009
1,merge,452,453,454,9,0.000000
1,divide,455,455,456,10,0.000000
1,merge,455,455,456,10,0.000000
1,divide,455,456,457,9,0.000009
1,merge,455,456,457,9,0.000000
1,divide,452,454,457,8,0.000039
1,merge,452,454,457,8,0.000000
1,divide,446,451,457,7,0.000103
1,merge,446,451,457,7,0.000001
1,divide,458,458,459,10,0.000000
1,merge,458,458,459,10,0.000000
1,divide,458,459,460,9,0.000010
1,merge,458,459,460,9,0.000000
1,divide,461,461,462,10,0.000000
1,merge,461,461,462,10,0.000000
1,divide,461,462,463,9,0.000009
1,merge,461,462,463,9,0.000000
1,divide,458,460,463,8,0.000039
1,merge,458,460,463,8,0.000000
1,divide,464,464,465,10,0.000000
1,merge,464,464,465,10,0.000000
1,divide,464,465,466,9,0.000010
1,merge,464,465,466,9,0.000000
1,divide,467,467,468,9,0.000000
1,merge,467,467,468,9,0.000000
1,divide,464,466,468,8,0.000055
1,merge,464,466,468,8,0.000000
1,divide,458,463,468,7,0.000114
1,merge,458,463,468,7,0.000001
1,divide,446,457,468,6,0.000237
1,merge,446,457,468,6,0.000001
1,divide,422,445,468,5,0.005384
1,merge,422,445,468,5,0.000002
1,divide,375,421,468,4,0.005847
1,merge,375,421,468,4,0.000004
1,divide,469,469,470,10,0.000000
1,merge,469,469,470,10,0.000000
1,divide,469,470,471,9,0.000011
1,merge,469,470,471,9,0.000000
1,divide,472,472,473,10,0.000000
1,merge,472,472,473,10,0.000000
1,divide,472,473,474,9,0.000010
1,merge,472,473,474,9,0.000000
1,divide,469,471,474,8,0.000038
1,merge,469,471,474,8,0.000000
1,divide,475,475,476,10,0.000000
1,merge,475,475,476,10,0.000000
1,divide,475,476,477,9,0.000009
1,merge,475,476,477,9,0.000000
1,divide,478,478,479,10,0.000000
1,merge,478,478,479,10,0.000000
1,divide,478,479,480,9,0.000012
1,merge,478,479,480,9,0.000000
1,divide,475,477,480,8,0.000038
1,merge,475,477,480,8,0.000000
1,divide,469,474,480,7,0.000096
1,merge,469,474,480,7,0.000001
1,divide,481,481,482,10,0.000000
1,merge,481,481,482,10,0.000000
1,divide,481,482,483,9,0.000010
1,merge,481,482,483,9,0.000000
1,divide,484,484,485,10,0.000000
1,merge,484,484,485,10,0.000000
1,divide,484,485,486,9,0.000009
1,merge,484,485,486,9,0.000000
1,divide,481,483,486,8,0.000042
1,merge,481,483,486,8,0.000000
1,divide,487,487,488,10,0.000000
1,merge,487,487,488,10,0.000000
1,divide,487,488,489,9,0.000011
1,merge,487,488,489,9,0.000000
1,divide,490,490,491,10,0.000000
1,merge,490,490,491,10,0.000000
1,divide,490,491,492,9,0.000011
1,merge,490,491,492,9,0.000000
1,divide,487,489,492,8,0.000039
1,merge,487,489,492,8,0.000000
1,divide,481,486,492,7,0.000103
1,merge,481,486,492,7,0.000001
1,divide,469,480,492,6,0.000222
1,merge,469,480,492,6,0.000001
1,divide,493,493,494,10,0.000000
1,merge,493,493,494,10,0.000000
1,divide,493,494,495,9,0.000008
1,merge,493,494,495,9,0.000000
1,divide,496,496,497,10,0.000000
1,merge,496,496,497,10,0.000000
1,divide,496,497,498,9,0.000008
1,merge,496,497,498,9,0.000000
1,divide,493,495,498,8,0.000041
1,merge,493,495,498,8,0.000000
1,divide,499,499,500,10,0.000000
1,merge,499,499,500,10,0.000000
1,divide,499,500,501,9,0.000009
1,merge,499,500,501,9,0.000000
1,divide,502,502,503,10,0.000000
1,merge,502,502,503,10,0.000000
1,divide,502,503,504,9,0.000011
1,merge,502,503,504,9,0.000000
1,divide,499,501,504,8,0.000037
1,merge,499,501,504,8,0.000000
1,divide,493,498,504,7,0.000103
1,merge,493,498,504,7,0.000001
1,divide,505,505,506,10,0.000000
1,merge,505,505,506,10,0.000000
1,divide,505,506,507,9,0.000008
1,merge,505,506,507,9,0.000000
1,divide,508,508,509,10,0.000000
1,merge,508,508,509,10,0.000000
1,divide,508,509,510,9,0.000009
1,merge,508,509,510,9,0.000000
1,divide,505,507,510,8,0.000038
1,merge,505,507,510,8,0.000000
1,divide,511,511,512,10,0.000000
1,merge,511,511,512,10,0.000000
1,divide,511,512,513,9,0.000010
1,merge,511,512,513,9,0.000000
1,divide,514,514,515,9,0.000000
1,merge,514,514,515,9,0.000000
1,divide,511,513,515,8,0.000030
1,merge,511,513,515,8,0.000000
1,divide,505,510,515,7,0.000087
1,merge,505,510,515,7,0.000001
1,divide,493,504,515,6,0.000213
1,merge,493,504,515,6,0.000001
1,divide,469,492,515,5,0.000454
1,merge,469,492,515,5,0.000002
1,divide,516,516,517,10,0.000000
1,merge,516,516,517,10,0.000000
1,divide,516,517,518,9,0.000011
1,merge,516,517,518,9,0.000000
1,divide,519,519,520,10,0.000000
1,merge,519,519,520,10,0.000000
1,divide,519,520,521,9,0.000013
1,merge,519,520,521,9,0.000000
1,divide,516,518,521,8,0.000045
1,merge,516,518,521,8,0.000000
1,divide,522,522,523,10,0.000000
1,merge,522,522,523,10,0.000000
1,divide,522,523,524,9,0.000011
1,merge,522,523,524,9,0.000000
1,divide,525,525,526,10,0.000000
1,merge,525,525,526,10,0.000000
1,divide,525,526,527,9,0.000010
1,merge,525,526,527,9,0.000000
1,divide,522,524,527,8,0.000041
1,merge,522,524,527,8,0.000000
1,divide,516,521,527,7,0.000104
1,merge,516,521,527,7,0.000001
1,divide,528,528,529,10,0.000000
1,merge,528,528,529,10,0.000000
1,divide,528,529,530,9,0.000014
1,merge,528,529,530,9,0.000000
1,divide,531,531,532,10,0.000000
1,merge,531,531,532,10,0.000000
1,divide,531,532,533,9,0.000009
1,merge,531,532,533,9,0.000000
1,divide,528,530,533,8,0.000046
1,merge,528,530,533,8,0.000000
1,divide,534,534,535,10,0.000000
1,merge,534,534,535,10,0.000000
1,divide,534,535,536,9,0.000011
1,merge,534,535,536,9,0.000000
1,divide,537,537,538,10,0.000000
1,merge,537,537,538,10,0.000000
1,divide,537,538,539,9,0.000013
1,merge,537,538,539,9,0.000000
1,divide,534,536,539,8,0.003172
1,merge,534,536,539,8,0.000003
1,divide,528,533,539,7,0.003253
1,merge,528,533,539,7,0.000001
1,divide,516,527,539,6,0.003379
1,merge,516,527,539,6,0.000001
1,divide,540,540,541,10,0.000000
1,merge,540,540,541,10,0.000001
1,divide,540,541,542,9,0.000011
1,merge,540,541,542,9,0.000000
1,divide,543,543,544,10,0.000000
1,merge,543,543,544,10,0.000000
1,divide,543,544,545,9,0.000008
1,merge,543,544,545,9,0.000000
1,divide,540,542,545,8,0.000037
1,merge,540,542,545,8,0.000000
1,divide,546,546,547,10,0.000000
1,merge,546,546,547,10,0.000000
1,divide,546,547,548,9,0.000008
1,merge,546,547,548,9,0.000000
1,divide,549,549,550,10,0.000000
1,merge,549,549,550,10,0.000000
1,divide,549,550,551,9,0.000012
1,merge,549,550,551,9,0.000000
1,divide,546,548,551,8,0.000036
1,merge,546,548,551,8,0.000000
1,divide,540,545,551,7,0.000093
1,merge,540,545,551,7,0.000001
1,divide,552,552,553,10,0.000000
1,merge,552,552,553,10,0.000000
1,divide,552,553,554,9,0.000008
1,merge,552,553,554,9,0.000000
1,divide,555,555,556,10,0.000000
1,merge,555,555,556,10,0.000000
1,divide,555,556,557,9,0.000010
1,merge,555,556,557,9,0.000000
1,divide,552,554,557,8,0.000035
1,merge,552,554,557,8,0.000000
1,divide,558,558,559,10,0.000000
1,merge,558,558,559,10,0.000000
1,divide,558,559,560,9,0.000010
1,merge,558,559,560,9,0.000000
1,divide,561,561,562,9,0.000000
1,merge,561,561,562,9,0.000000
1,divide,558,560,562,8,0.000028
1,merge,558,560,562,8,0.000000
1,divide,552,557,562,7,0.000081
1,merge,552,557,562,7,0.000001
1,divide,540,551,562,6,0.000191
1,merge,540,551,562,6,0.000001
1,divide,516,539,562,5,0.003589
1,merge,516,539,562,5,0.000002
1,divide,469,515,562,4,0.004065
1,merge,469,515,562,4,0.000006
1,divide,375,468,562,3,0.009941
1,merge,375,468,562,3,0.000007
1,divide,563,563,564,10,0.000000
1,merge,563,563,564,10,0.000000
1,divide,563,564,565,9,0.000012
1,merge,563,564,565,9,0.000000
1,divide,566,566,567,10,0.000000
1,merge,566,566,567,10,0.000000
1,divide,566,567,568,9,0.000010
1,merge,566,567,568,9,0.000000
1,divide,563,565,568,8,0.000040
1,merge,563,565,568,8,0.000000
1,divide,569,569,570,10,0.000000
1,merge,569,569,570,10,0.000000
1,divide,569,570,571,9,0.000008
1,merge,569,570,571,9,0.000000
1,divide,572,572,573,10,0.000000
1,merge,572,572,573,10,0.000000
1,divide,572,573,574,9,0.000010
1,merge,572,573,574,9,0.000000
1,divide,569,571,574,8,0.000037
1,merge,569,571,574,8,0.000000
1,divide,563,568,574,7,0.000095
1,merge,563,568,574,7,0.000001
1,divide,575,575,576,10,0.000000
1,merge,575,575,576,10,0.000000
1,divide,575,576,577,9,0.000008
1,merge,575,576,577,9,0.000000
1,divide,578,578,579,10,0.000000
1,merge,578,578,579,10,0.000000
1,divide,578,579,580,9,0.000010
1,merge,578,579,580,9,0.000000
1,divide,575,577,580,8,0.000035
1,merge,575,577,580,8,0.000000
1,divide,581,581,582,10,0.000000
1,merge,581,581,582,10,0.000000
1,divide,581,582,583,9,0.000009
1,merge,581,582,583,9,0.000000
1,divide,584,584,585,10,0.000000
1,merge,584,584,585,10,0.000000
1,divide,584,585,586,9,0.000011
1,merge,584,585,586,9,0.000000
1,divide,581,583,586,8,0.000038
1,merge,581,583,586,8,0.000000
1,divide,575,580,586,7,0.000093
1,merge,575,580,586,7,0.000001
1,divide,563,574,586,6,0.000208
1,merge,563,574,586,6,0.000001
1,divide,587,587,588,10,0.000000
1,merge,587,587,588,10,0.000000
1,divide,587,588,589,9,0.000008
1,merge,587,588,589,9,0.000000
1,divide,590,590,591,10,0.000000
1,merge,590,590,591,10,0.000000
1,divide,590,591,592,9,0.000011
1,merge,590,591,592,9,0.000000
1,divide,587,589,592,8,0.000037
1,merge,587,589,592,8,0.000000
1,divide,593,593,594,10,0.000000
1,merge,593,593,594,10,0.000000
1,divide,593,594,595,9,0.000021
1,merge,593,594,595,9,0.000000
1,divide,596,596,597,10,0.000000
1,merge,596,596,597,10,0.000000
1,divide,596,597,598,9,0.000008
1,merge,596,597,598,9,0.000000
1,divide,593,595,598,8,0.000049
1,merge,593,595,598,8,0.000000
1,divide,587,592,598,7,0.000109
1,merge,587,592,598,7,0.000001
1,divide,599,599,600,10,0.000000
1,merge,599,599,600,10,0.000000
1,divide,599,600,601,9,0.000010
1,merge,599,600,601,9,0.000000
1,divide,602,602,603,10,0.000000
1,merge,602,602,603,10,0.000000
1,divide,602,603,604,9,0.000010
1,merge,602,603,604,9,0.000000
1,divide,599,601,604,8,0.000037
1,merge,599,601,604,8,0.000000
1,divide,605,605,606,10,0.000000
1,merge,605,605,606,10,0.000000
1,divide,605,606,607,9,0.000011
1,merge,605,606,607,9,0.000000
1,divide,608,608,609,9,0.000000
1,merge,608,608,609,9,0.000000
1,divide,605,607,609,8,0.000029
1,merge,605,607,609,8,0.000000
1,divide,599,604,609,7,0.000084
1,merge,599,604,609,7,0.000001
1,divide,587,598,609,6,0.000211
1,merge,587,598,609,6,0.000001
1,divide,563,586,609,5,0.000439
1,merge,563,586,609,5,0.000002
1,divide,610,610,611,10,0.000000
1,merge,610,610,611,10,0.000000
1,divide,610,611,612,9,0.000008
1,merge,610,611,612,9,0.000000
1,divide,613,613,614,10,0.000000
1,merge,613,613,614,10,0.000000
1,divide,613,614,615,9,0.000009
1,merge,613,614,615,9,0.000000
1,divide,610,612,615,8,0.000035
1,merge,610,612,615,8,0.000000
1,divide,616,616,617,10,0.000000
1,merge,616,616,617,10,0.000000
1,divide,616,617,618,9,0.000011
1,merge,616,617,618,9,0.000000
1,divide,619,619,620,10,0.000000
1,merge,619,619,620,10,0.000000
1,divide,619,620,621,9,0.000011
1,merge,619,620,621,9,0.000000
1,divide,616,618,621,8,0.000040
1,merge,616,618,621,8,0.000000
1,divide,610,615,621,7,0.000092
1,merge,610,615,621,7,0.000001
1,divide,622,622,623,10,0.000000
1,merge,622,622,623,10,0.000000
1,divide,622,623,624,9,0.000008
1,merge,622,623,624,9,0.000000
1,divide,625,625,626,10,0.000000
1,merge,625,625,626,10,0.000000
1,divide,625,626,627,9,0.000013
1,merge,625,626,627,9,0.000002
1,divide,622,624,627,8,0.001838
1,merge,622,624,627,8,0.000001
1,divide,628,628,629,10,0.000000
1,merge,628,628,629,10,0.000000
1,divide,628,629,630,9,0.000009
1,merge,628,629,630,9,0.000000
1,divide,631,631,632,10,0.000000
1,merge,631,631,632,10,0.000000
1,divide,631,632,633,9,0.000009
1,merge,631,632,633,9,0.000000
1,divide,628,630,633,8,0.000037
1,merge,628,630,633,8,0.000000
1,divide,622,627,633,7,0.001897
1,merge,622,627,633,7,0.000001
1,divide,610,621,633,6,0.002009
1,merge,610,621,633,6,0.000001
1,divide,634,634,635,10,0.000000
1,merge,634,634,635,10,0.000000
1,divide,634,635,636,9,0.000008
1,merge,634,635,636,9,0.000000
1,divide,637,637,638,10,0.000000
1,merge,637,637,638,10,0.000000
1,divide,637,638,639,9,0.000010
1,merge,637,638,639,9,0.000000
1,divide,634,636,639,8,0.000035
1,merge,634,636,639,8,0.000000
1,divide,640,640,641,10,0.000000
1,merge,640,640,641,10,0.000000
1,divide,640,641,642,9,0.000009
1,merge,640,641,642,9,0.000000
1,divide,643,643,644,10,0.000000
1,merge,643,643,644,10,0.000000
1,divide,643,644,645,9,0.000008
1,merge,643,644,645,9,0.000000
1,divide,640,642,645,8,0.000037
1,merge,640,642,645,8,0.000000
1,divide,634,639,645,7,0.000094
1,merge,634,639,645,7,0.000001
1,divide,646,646,647,10,0.000000
1,merge,646,646,647,10,0.000000
1,divide,646,647,648,9,0.000009
1,merge,646,647,648,9,0.000000
1,divide,649,649,650,10,0.000000
1,merge,649,649,650,10,0.000000
1,divide,649,650,651,9,0.000010
1,merge,649,650,651,9,0.000000
1,divide,646,648,651,8,0.000051
1,merge,646,648,651,8,0.000000
1,divide,652,652,653,10,0.000000
1,merge,652,652,653,10,0.000000
1,divide,652,653,654,9,0.000010
1,merge,652,653,654,9,0.000000
1,divide,655,655,656,9,0.000000
1,merge,655,655,656,9,0.000000
1,divide,652,654,656,8,0.000026
1,merge,652,654,656,8,0.000000
1,divide,646,651,656,7,0.000095
1,merge,646,651,656,7,0.000001
1,divide,634,645,656,6,0.000208
1,merge,634,645,656,6,0.000001
1,divide,610,633,656,5,0.002237
1,merge,610,633,656,5,0.000002
1,divide,563,609,656,4,0.002700
1,merge,563,609,656,4,0.000005
1,divide,657,657,658,10,0.000000
1,merge,657,657,658,10,0.000000
1,divide,657,658,659,9,0.000009
1,merge,657,658,659,9,0.000000
1,divide,660,660,661,10,0.000000
1,merge,660,660,661,10,0.000001
1,divide,660,661,662,9,0.000009
1,merge,660,661,662,9,0.000000
1,divide,657,659,662,8,0.000038
1,merge,657,659,662,8,0.000000
1,divide,663,663,664,10,0.000000
1,merge,663,663,664,10,0.000000
1,divide,663,664,665,9,0.000009
1,merge,663,664,665,9,0.000000
1,divide,666,666,667,10,0.000000
1,merge,666,666,667,10,0.000000
1,divide,666,667,668,9,0.000009
1,merge,666,667,668,9,0.000000
1,divide,663,665,668,8,0.000038
1,merge,663,665,668,8,0.000000
1,divide,657,662,668,7,0.000098
1,merge,657,662,668,7,0.000001
1,divide,669,669,670,10,0.000000
1,merge,669,669,670,10,0.000000
1,divide,669,670,671,9,0.000010
1,merge,669,670,671,9,0.000000
1,divide,672,672,673,10,0.000000
1,merge,672,672,673,10,0.000000
1,divide,672,673,674,9,0.000010
1,merge,672,673,674,9,0.000000
1,divide,669,671,674,8,0.000038
1,merge,669,671,674,8,0.000000
1,divide,675,675,676,10,0.000000
1,merge,675,675,676,10,0.000000
1,divide,675,676,677,9,0.000011
1,merge,675,676,677,9,0.000000
1,divide,678,678,679,10,0.000000
1,merge,678,678,679,10,0.000000
1,divide,678,679,680,9,0.000008
1,merge,678,679,680,9,0.000000
1,divide,675,677,680,8,0.000039
1,merge,675,677,680,8,0.000000
1,divide,669,674,680,7,0.000094
1,merge,669,674,680,7,0.000001
1,divide,657,668,680,6,0.000212
1,merge,657,668,680,6,0.000001
1,divide,681,681,682,10,0.000000
1,merge,681,681,682,10,0.000000
1,divide,681,682,683,9,0.000008
1,merge,681,682,683,9,0.000000
1,divide,684,684,685,10,0.000000
1,merge,684,684,685,10,0.000000
1,divide,684,685,686,9,0.000012
1,merge,684,685,686,9,0.000000
1,divide,681,683,686,8,0.000037
1,merge,681,683,686,8,0.000000
1,divide,687,687,688,10,0.000000
1,merge,687,687,688,10,0.000000
1,divide,687,688,689,9,0.000009
1,merge,687,688,689,9,0.000000
1,divide,690,690,691,10,0.000000
1,merge,690,690,691,10,0.000000
1,divide,690,691,692,9,0.000008
1,merge,690,691,692,9,0.000000
1,divide,687,689,692,8,0.000036
1,merge,687,689,692,8,0.000000
1,divide,681,686,692,7,0.000092
1,merge,681,686,692,7,0.000001
1,divide,693,693,694,10,0.000000
1,merge,693,693,694,10,0.000000
1,divide,693,694,695,9,0.000010
1,merge,693,694,695,9,0.000000
1,divide,696,696,697,10,0.000000
1,merge,696,696,697,10,0.000000
1,divide,696,697,698,9,0.000008
1,merge,696,697,698,9,0.000000
1,divide,693,695,698,8,0.000036
1,merge,693,695,698,8,0.000000
1,divide,699,699,700,10,0.000000
1,merge,699,699,700,10,0.000000
1,divide,699,700,701,9,0.000009
1,merge,699,700,701,9,0.000000
1,divide,702,702,703,9,0.000000
1,merge,702,702,703,9,0.000000
1,divide,699,701,703,8,0.000028
1,merge,699,701,703,8,0.000000
1,divide,693,698,703,7,0.000082
1,merge,693,698,703,7,0.000001
1,divide,681,692,703,6,0.000197
1,merge,681,692,703,6,0.000001
1,divide,657,680,703,5,0.000428
1,merge,657,680,703,5,0.000002
1,divide,704,704,705,10,0.000000
1,merge,704,704,705,10,0.000000
1,divide,704,705,706,9,0.000010
1,merge,704,705,706,9,0.000000
1,divide,707,707,708,10,0.000000
1,merge,707,707,708,10,0.000000
1,divide,707,708,709,9,0.000008
1,merge,707,708,709,9,0.000000
1,divide,704,706,709,8,0.000037
1,merge,704,706,709,8,0.000000
1,divide,710,710,711,10,0.000000
1,merge,710,710,711,10,0.000000
1,divide,710,711,712,9,0.000009
1,merge,710,711,712,9,0.000000
1,divide,713,713,714,10,0.000000
1,merge,713,713,714,10,0.000000
1,divide,713,714,715,9,0.000009
1,merge,713,714,715,9,0.000000
1,divide,710,712,715,8,0.000038
1,merge,710,712,715,8,0.000000
1,divide,704,709,715,7,0.000091
1,merge,704,709,715,7,0.000001
1,divide,716,716,717,10,0.000000
1,merge,716,716,717,10,0.000000
1,divide,716,717,718,9,0.000008
1,merge,716,717,718,9,0.000000
1,divide,719,719,720,10,0.000000
1,merge,719,719,720,10,0.000000
1,divide,719,720,721,9,0.000010
1,merge,719,720,721,9,0.000000
1,divide,716,718,721,8,0.000037
1,merge,716,718,721,8,0.000000
1,divide,722,722,723,10,0.000000
1,merge,722,722,723,10,0.000000
1,divide,722,723,724,9,0.000008
1,merge,722,723,724,9,0.000000
1,divide,725,725,726,9,0.000000
1,merge,725,725,726,9,0.000000
1,divide,722,724,726,8,0.000034
1,merge,722,724,726,8,0.000000
1,divide,716,721,726,7,0.000090
1,merge,716,721,726,7,0.000001
1,divide,704,715,726,6,0.000205
1,merge,704,715,726,6,0.000001
1,divide,727,727,728,10,0.000000
1,merge,727,727,728,10,0.000000
1,divide,727,728,729,9,0.000008
1,merge,727,728,729,9,0.000000
1,divide,730,730,731,10,0.000000
1,merge,730,730,731,10,0.000000
1,divide,730,731,732,9,0.000009
1,merge,730,731,732,9,0.000000
1,divide,727,729,732,8,0.000036
1,merge,727,729,732,8,0.000000
1,divide,733,733,734,10,0.000000
1,merge,733,733,734,10,0.000000
1,divide,733,734,735,9,0.000010
1,merge,733,734,735,9,0.000000
1,divide,736,736,737,10,0.000000
1,merge,736,736,737,10,0.000000
1,divide,736,737,738,9,0.000011
1,merge,736,737,738,9,0.000000
1,divide,733,735,738,8,0.000038
1,merge,733,735,738,8,0.000000
1,divide,727,732,738,7,0.000093
1,merge,727,732,738,7,0.000001
1,divide,739,739,740,10,0.000000
1,merge,739,739,740,10,0.000000
1,divide,739,740,741,9,0.000008
1,merge,739,740,741,9,0.000000
1,divide,742,742,743,10,0.000000
1,merge,742,742,743,10,0.000000
1,divide,742,743,744,9,0.000009
1,merge,742,743,744,9,0.000000
1,divide,739,741,744,8,0.000038
1,merge,739,741,744,8,0.000000
1,divide,745,745,746,10,0.000000
1,merge,745,745,746,10,0.000000
1,divide,745,746,747,9,0.000008
1,merge,745,746,747,9,0.000000
1,divide,748,748,749,9,0.000000
1,merge,748,748,749,9,0.000000
1,divide,745,747,749,8,0.000028
1,merge,745,747,749,8,0.000000
1,divide,739,744,749,7,0.000084
1,merge,739,744,749,7,0.000001
1,divide,727,738,749,6,0.000199
1,merge,727,738,749,6,0.000001
1,divide,704,726,749,5,0.001546
1,merge,704,726,749,5,0.000003
1,divide,657,703,749,4,0.002020
1,merge,657,703,749,4,0.000004
1,divide,563,656,749,3,0.004759
1,merge,563,656,749,3,0.000008
1,divide,375,562,749,2,0.014734
1,merge,375,562,749,2,0.000015
1,divide,0,374,749,1,0.025492
1,merge,0,374,749,1,0.000036
1,divide,750,750,751,10,0.000000
1,merge,750,750,751,10,0.000001
1,divide,750,751,752,9,0.000009
1,merge,750,751,752,9,0.000000
1,divide,753,753,754,10,0.000000
1,merge,753,753,754,10,0.000000
1,divide,753,754,755,9,0.000010
1,merge,753,754,755,9,0.000000
1,divide,750,752,755,8,0.000037
1,merge,750,752,755,8,0.000001
1,divide,756,756,757,10,0.000000
1,merge,756,756,757,10,0.000000
1,divide,756,757,758,9,0.000009
1,merge,756,757,758,9,0.000000
1,divide,759,759,760,10,0.000000
1,merge,759,759,760,10,0.000000
1,divide,759,760,761,9,0.000009
1,merge,759,760,761,9,0.000000
1,divide,756,758,761,8,0.000036
1,merge,756,758,761,8,0.000000
1,divide,750,755,761,7,0.000103
1,merge,750,755,761,7,0.000001
1,divide,762,762,763,10,0.000000
1,merge,762,762,763,10,0.000000
1,divide,762,763,764,9,0.000009
1,merge,762,763,764,9,0.000000
1,divide,765,765,766,10,0.000000
1,merge,765,765,766,10,0.000000
1,divide,765,766,767,9,0.000008
1,merge,765,766,767,9,0.000000
1,divide,762,764,767,8,0.000036
1,merge,762,764,767,8,0.000000
1,divide,768,768,769,10,0.000000
1,merge,768,768,769,10,0.000000
1,divide,768,769,770,9,0.000010
1,merge,768,769,770,9,0.000000
1,divide,771,771,772,10,0.000000
1,merge,771,771,772,10,0.000000
1,divide,771,772,773,9,0.000011
1,merge,771,772,773,9,0.000000
1,divide,768,770,773,8,0.000042
1,merge,768,770,773,8,0.000000
1,divide,762,767,773,7,0.000099
1,merge,762,767,773,7,0.000001
1,divide,750,761,773,6,0.000222
1,merge,750,761,773,6,0.000001
1,divide,774,774,775,10,0.000000
1,merge,774,774,775,10,0.000000
1,divide,774,775,776,9,0.000013
1,merge,774,775,776,9,0.000000
1,divide,777,777,778,10,0.000000
1,merge,777,777,778,10,0.000000
1,divide,777,778,779,9,0.000008
1,merge,777,778,779,9,0.000000
1,divide,774,776,779,8,0.000039
1,merge,774,776,779,8,0.000000
1,divide,780,780,781,10,0.000000
1,merge,780,780,781,10,0.000000
1,divide,780,781,782,9,0.000011
1,merge,780,781,782,9,0.000000
1,divide,783,783,784,10,0.000000
1,merge,783,783,784,10,0.000000
1,divide,783,784,785,9,0.000009
1,merge,783,784,785,9,0.000000
1,divide,780,782,785,8,0.000041
1,merge,780,782,785,8,0.000000
1,divide,774,779,785,7,0.000100
1,merge,774,779,785,7,0.000001
1,divide,786,786,787,10,0.000000
1,merge,786,786,787,10,0.000000
1,divide,786,787,788,9,0.000009
1,merge,786,787,788,9,0.000000
1,divide,789,789,790,10,0.000000
1,merge,789,789,790,10,0.000000
1,divide,789,790,791,9,0.000009
1,merge,789,790,791,9,0.000000
1,divide,786,788,791,8,0.000038
1,merge,786,788,791,8,0.000000
1,divide,792,792,793,10,0.000000
1,merge,792,792,793,10,0.000000
1,divide,792,793,794,9,0.000012
1,merge,792,793,794,9,0.000000
1,divide,795,795,796,9,0.000000
1,merge,795,795,796,9,0.000000
1,divide,792,794,796,8,0.000032
1,merge,792,794,796,8,0.000000
1,divide,786,791,796,7,0.000088
1,merge,786,791,796,7,0.000001
1,divide,774,785,796,6,0.000217
1,merge,774,785,796,6,0.000001
1,divide,750,773,796,5,0.000461
1,merge,750,773,796,5,0.000002
1,divide,797,797,798,10,0.000000
1,merge,797,797,798,10,0.000000
1,divide,797,798,799,9,0.000008
1,merge,797,798,799,9,0.000000
1,divide,800,800,801,10,0.000000
1,merge,800,800,801,10,0.000000
1,divide,800,801,802,9,0.000008
1,merge,800,801,802,9,0.000000
1,divide,797,799,802,8,0.000035
1,merge,797,799,802,8,0.000000
1,divide,803,803,804,10,0.000000
1,merge,803,803,804,10,0.000000
1,divide,803,804,805,9,0.000009
1,merge,803,804,805,9,0.000000
1,divide,806,806,807,10,0.000000
1,merge,806,806,807,10,0.000000
1,divide,806,807,808,9,0.000008
1,merge,806,807,808,9,0.000000
1,divide,803,805,808,8,0.000038
1,merge,803,805,808,8,0.000000
1,divide,797,802,808,7,0.000093
1,merge,797,802,808,7,0.000001
1,divide,809,809,810,10,0.000000
1,merge,809,809,810,10,0.000000
1,divide,809,810,811,9,0.000009
1,merge,809,810,811,9,0.000000
1,divide,812,812,813,10,0.000000
1,merge,812,812,813,10,0.000000
1,divide,812,813,814,9,0.000009
1,merge,812,813,814,9,0.000000
1,divide,809,811,814,8,0.000036
1,merge,809,811,814,8,0.000000
1,divide,815,815,816,10,0.000000
1,merge,815,815,816,10,0.000000
1,divide,815,816,817,9,0.000011
1,merge,815,816,817,9,0.000000
1,divide,818,818,819,10,0.000000
1,merge,818,818,819,10,0.000000
1,divide,818,819,820,9,0.000010
1,merge,818,819,820,9,0.000000
1,divide,815,817,820,8,0.000041
1,merge,815,817,820,8,0.000000
1,divide,809,814,820,7,0.000093
1,merge,809,814,820,7,0.000001
1,divide,797,808,820,6,0.000206
1,merge,797,808,820,6,0.000001
1,divide,821,821,822,10,0.000000
1,merge,821,821,822,10,0.000000
1,divide,821,822,823,9,0.000008
1,merge,821,822,823,9,0.000000
1,divide,824,824,825,10,0.000000
1,merge,824,824,825,10,0.000000
1,divide,824,825,826,9,0.000008
1,merge,824,825,826,9,0.000000
1,divide,821,823,826,8,0.000034
1,merge,821,823,826,8,0.000000
1,divide,827,827,828,10,0.000000
1,merge,827,827,828,10,0.000001
1,divide,827,828,829,9,0.000030
1,merge,827,828,829,9,0.000000
1,divide,830,830,831,10,0.000000
1,merge,830,830,831,10,0.000000
1,divide,830,831,832,9,0.000009
1,merge,830,831,832,9,0.000000
1,divide,827,829,832,8,0.000061
1,merge,827,829,832,8,0.000001
1,divide,821,826,832,7,0.002163
1,merge,821,826,832,7,0.000001
1,divide,833,833,834,10,0.000000
1,merge,833,833,834,10,0.000000
1,divide,833,834,835,9,0.000008
1,merge,833,834,835,9,0.000000
1,divide,836,836,837,10,0.000000
1,merge,836,836,837,10,0.000000
1,divide,836,837,838,9,0.000008
1,merge,836,837,838,9,0.000000
1,divide,833,835,838,8,0.000035
1,merge,833,835,838,8,0.000000
1,divide,839,839,840,10,0.000000
1,merge,839,839,840,10,0.000000
1,divide,839,840,841,9,0.000011
1,merge,839,840,841,9,0.000001
1,divide,842,842,843,9,0.000000
1,merge,842,842,843,9,0.000000
1,divide,839,841,843,8,0.000029
1,merge,839,841,843,8,0.000000
1,divide,833,838,843,7,0.000082
1,merge,833,838,843,7,0.000001
1,divide,821,832,843,6,0.002264
1,merge,821,832,843,6,0.000001
1,divide,797,820,843,5,0.002490
1,merge,797,820,843,5,0.000002
1,divide,750,796,843,4,0.002973
1,merge,750,796,843,4,0.000004
1,divide,844,844,845,10,0.000000
1,merge,844,844,845,10,0.000000
1,divide,844,845,846,9,0.000009
1,merge,844,845,846,9,0.000000
1,divide,847,847,848,10,0.000000
1,merge,847,847,848,10,0.000000
1,divide,847,848,849,9,0.000008
1,merge,847,848,849,9,0.000000
1,divide,844,846,849,8,0.000037
1,merge,844,846,849,8,0.000000
1,divide,850,850,851,10,0.000000
1,merge,850,850,851,10,0.000000
1,divide,850,851,852,9,0.000009
1,merge,850,851,852,9,0.000000
1,divide,853,853,854,10,0.000000
1,merge,853,853,854,10,0.000000
1,divide,853,854,855,9,0.000011
1,merge,853,854,855,9,0.000000
1,divide,850,852,855,8,0.000036
1,merge,850,852,855,8,0.000000
1,divide,844,849,855,7,0.000095
1,merge,844,849,855,7,0.000001
1,divide,856,856,857,10,0.000000
1,merge,856,856,857,10,0.000000
1,divide,856,857,858,9,0.000010
1,merge,856,857,858,9,0.000000
1,divide,859,859,860,10,0.000000
1,merge,859,859,860,10,0.000000
1,divide,859,860,861,9,0.000009
1,merge,859,860,861,9,0.000000
1,divide,856,858,861,8,0.000037
1,merge,856,858,861,8,0.000000
1,divide,862,862,863,10,0.000000
1,merge,862,862,863,10,0.000000
1,divide,862,863,864,9,0.000011
1,merge,862,863,864,9,0.000000
1,divide,865,865,866,10,0.000000
1,merge,865,865,866,10,0.000000
1,divide,865,866,867,9,0.000009
1,merge,865,866,867,9,0.000000
1,divide,862,864,867,8,0.000039
1,merge,862,864,867,8,0.000000
1,divide,856,861,867,7,0.000093
1,merge,856,861,867,7,0.000001
1,divide,844,855,867,6,0.000207
1,merge,844,855,867,6,0.000001
1,divide,868,868,869,10,0.000000
1,merge,868,868,869,10,0.000000
1,divide,868,869,870,9,0.000011
1,merge,868,869,870,9,0.000000
1,divide,871,871,872,10,0.000000
1,merge,871,871,872,10,0.000000
1,divide,871,872,873,9,0.000009
1,merge,871,872,873,9,0.000000
1,divide,868,870,873,8,0.000038
1,merge,868,870,873,8,0.000000
1,divide,874,874,875,10,0.000000
1,merge,874,874,875,10,0.000000
1,divide,874,875,876,9,0.000008
1,merge,874,875,876,9,0.000000
1,divide,877,877,878,10,0.000000
1,merge,877,877,878,10,0.000000
1,divide,877,878,879,9,0.000008
1,merge,877,878,879,9,0.000000
1,divide,874,876,879,8,0.000035
1,merge,874,876,879,8,0.000000
1,divide,868,873,879,7,0.000090
1,merge,868,873,879,7,0.000001
1,divide,880,880,881,10,0.000000
1,merge,880,880,881,10,0.000000
1,divide,880,881,882,9,0.000008
1,merge,880,881,882,9,0.000000
1,divide,883,883,884,10,0.000000
1,merge,883,883,884,10,0.000000
1,divide,883,884,885,9,0.000008
1,merge,883,884,885,9,0.000000
1,divide,880,882,885,8,0.000035
1,merge,880,882,885,8,0.000000
1,divide,886,886,887,10,0.000000
1,merge,886,886,887,10,0.000000
1,divide,886,887,888,9,0.000010
1,merge,886,887,888,9,0.000000
1,divide,889,889,890,9,0.000000
1,merge,889,889,890,9,0.000000
1,divide,886,888,890,8,0.004407
1,merge,886,888,890,8,0.000002
1,divide,880,885,890,7,0.004487
1,merge,880,885,890,7,0.000001
1,divide,868,879,890,6,0.004600
1,merge,868,879,890,6,0.000002
1,divide,844,867,890,5,0.004831
1,merge,844,867,890,5,0.000002
1,divide,891,891,892,10,0.000000
1,merge,891,891,892,10,0.000000
1,divide,891,892,893,9,0.000015
1,merge,891,892,893,9,0.000000
1,divide,894,894,895,10,0.000000
1,merge,894,894,895,10,0.000000
1,divide,894,895,896,9,0.000017
1,merge,894,895,896,9,0.000000
1,divide,891,893,896,8,0.000058
1,merge,891,893,896,8,0.000001
1,divide,897,897,898,10,0.000000
1,merge,897,897,898,10,0.000000
1,divide,897,898,899,9,0.000012
1,merge,897,898,899,9,0.000000
1,divide,900,900,901,10,0.000000
1,merge,900,900,901,10,0.000000
1,divide,900,901,902,9,0.000013
1,merge,900,901,902,9,0.000000
1,divide,897,899,902,8,0.000051
1,merge,897,899,902,8,0.000000
1,divide,891,896,902,7,0.000139
1,merge,891,896,902,7,0.000001
1,divide,903,903,904,10,0.000000
1,merge,903,903,904,10,0.000000
1,divide,903,904,905,9,0.000014
1,merge,903,904,905,9,0.000000
1,divide,906,906,907,10,0.000000
1,merge,906,906,907,10,0.000000
1,divide,906,907,908,9,0.000012
1,merge,906,907,908,9,0.000000
1,divide,903,905,908,8,0.000053
1,merge,903,905,908,8,0.000000
1,divide,909,909,910,10,0.000000
1,merge,909,909,910,10,0.000000
1,divide,909,910,911,9,0.000012
1,merge,909,910,911,9,0.000000
1,divide,912,912,913,10,0.000000
1,merge,912,912,913,10,0.000000
1,divide,912,913,914,9,0.000013
1,merge,912,913,914,9,0.000000
1,divide,909,911,914,8,0.000052
1,merge,909,911,914,8,0.000000
1,divide,903,908,914,7,0.000133
1,merge,903,908,914,7,0.000000
1,divide,891,902,914,6,0.000301
1,merge,891,902,914,6,0.000001
1,divide,915,915,916,10,0.000000
1,merge,915,915,916,10,0.000000
1,divide,915,916,917,9,0.000019
1,merge,915,916,917,9,0.000000
1,divide,918,918,919,10,0.000000
1,merge,918,918,919,10,0.000000
1,divide,918,919,920,9,0.000012
1,merge,918,919,920,9,0.000000
1,divide,915,917,920,8,0.000059
1,merge,915,917,920,8,0.000000
1,divide,921,921,922,10,0.000000
1,merge,921,921,922,10,0.000000
1,divide,921,922,923,9,0.000014
1,merge,921,922,923,9,0.000000
1,divide,924,924,925,10,0.000000
1,merge,924,924,925,10,0.000000
1,divide,924,925,926,9,0.000014
1,merge,924,925,926,9,0.000000
1,divide,921,923,926,8,0.000051
1,merge,921,923,926,8,0.000000
1,divide,915,920,926,7,0.000135
1,merge,915,920,926,7,0.000001
1,divide,927,927,928,10,0.000000
1,merge,927,927,928,10,0.000000
1,divide,927,928,929,9,0.000012
1,merge,927,928,929,9,0.000000
1,divide,930,930,931,10,0.000000
1,merge,930,930,931,10,0.000000
1,divide,930,931,932,9,0.000014
1,merge,930,931,932,9,0.000000
1,divide,927,929,932,8,0.000050
1,merge,927,929,932,8,0.000000
1,divide,933,933,934,10,0.000000
1,merge,933,933,934,10,0.000000
1,divide,933,934,935,9,0.000013
1,merge,933,934,935,9,0.000000
1,divide,936,936,937,9,0.000000
1,merge,936,936,937,9,0.000000
1,divide,933,935,937,8,0.000040
1,merge,933,935,937,8,0.000000
1,divide,927,932,937,7,0.000116
1,merge,927,932,937,7,0.000001
1,divide,915,926,937,6,0.000284
1,merge,915,926,937,6,0.000001
1,divide,891,914,937,5,0.000613
1,merge,891,914,937,5,0.000002
1,divide,844,890,937,4,0.005478
1,merge,844,890,937,4,0.000004
1,divide,750,843,937,3,0.008480
1,merge,750,843,937,3,0.000007
1,divide,938,938,939,10,0.000000
1,merge,938,938,939,10,0.000000
1,divide,938,939,940,9,0.000013
1,merge,938,939,940,9,0.000000
1,divide,941,941,942,10,0.000000
1,merge,941,941,942,10,0.000000
1,divide,941,942,943,9,0.000011
1,merge,941,942,943,9,0.000000
1,divide,938,940,943,8,0.000048
1,merge,938,940,943,8,0.000000
1,divide,944,944,945,10,0.000000
1,merge,944,944,945,10,0.000000
1,divide,944,945,946,9,0.000014
1,merge,944,945,946,9,0.000000
1,divide,947,947,948,10,0.000000
1,merge,947,947,948,10,0.000000
1,divide,947,948,949,9,0.000015
1,merge,947,948,949,9,0.000000
1,divide,944,946,949,8,0.000054
1,merge,944,946,949,8,0.000000
1,divide,938,943,949,7,0.000129
1,merge,938,943,949,7,0.000001
1,divide,950,950,951,10,0.000000
1,merge,950,950,951,10,0.000000
1,divide,950,951,952,9,0.000011
1,merge,950,951,952,9,0.000000
1,divide,953,953,954,10,0.000000
1,merge,953,953,954,10,0.000000
1,divide,953,954,955,9,0.000011
1,merge,953,954,955,9,0.000000
1,divide,950,952,955,8,0.000047
1,merge,950,952,955,8,0.000000
1,divide,956,956,957,10,0.000000
1,merge,956,956,957,10,0.000000
1,divide,956,957,958,9,0.000012
1,merge,956,957,958,9,0.000000
1,divide,959,959,960,10,0.000000
1,merge,959,959,960,10,0.000002
1,divide,959,960,961,9,0.000092
1,merge,959,960,961,9,0.000001
1,divide,956,958,961,8,0.019193
1,merge,956,958,961,8,0.000001
1,divide,950,955,961,7,0.019265
1,merge,950,955,961,7,0.000001
1,divide,938,949,961,6,0.019418
1,merge,938,949,961,6,0.000002
1,divide,962,962,963,10,0.000000
1,merge,962,962,963,10,0.000000
1,divide,962,963,964,9,0.000011
1,merge,962,963,964,9,0.000000
1,divide,965,965,966,10,0.000000
1,merge,965,965,966,10,0.000000
1,divide,965,966,967,9,0.000009
1,merge,965,966,967,9,0.000000
1,divide,962,964,967,8,0.000038
1,merge,962,964,967,8,0.000000
1,divide,968,968,969,10,0.000000
1,merge,968,968,969,10,0.000000
1,divide,968,969,970,9,0.000010
1,merge,968,969,970,9,0.000000
1,divide,971,971,972,10,0.000000
1,merge,971,971,972,10,0.000000
1,divide,971,972,973,9,0.000009
1,merge,971,972,973,9,0.000000
1,divide,968,970,973,8,0.000036
1,merge,968,970,973,8,0.000000
1,divide,962,967,973,7,0.000091
1,merge,962,967,973,7,0.000001
1,divide,974,974,975,10,0.000000
1,merge,974,974,975,10,0.000000
1,divide,974,975,976,9,0.000010
1,merge,974,975,976,9,0.000000
1,divide,977,977,978,10,0.000000
1,merge,977,977,978,10,0.000000
1,divide,977,978,979,9,0.000009
1,merge,977,978,979,9,0.000000
1,divide,974,976,979,8,0.000036
1,merge,974,976,979,8,0.000000
1,divide,980,980,981,10,0.000000
1,merge,980,980,981,10,0.000000
1,divide,980,981,982,9,0.000023
1,merge,980,981,982,9,0.000000
1,divide,983,983,984,9,0.000000
1,merge,983,983,984,9,0.000000
1,divide,980,982,984,8,0.000039
1,merge,980,982,984,8,0.000000
1,divide,974,979,984,7,0.000094
1,merge,974,979,984,7,0.000001
1,divide,962,973,984,6,0.000203
1,merge,962,973,984,6,0.000001
1,divide,938,961,984,5,0.019640
1,merge,938,961,984,5,0.000002
1,divide,985,985,986,10,0.000000
1,merge,985,985,986,10,0.000000
1,divide,985,986,987,9,0.000009
1,merge,985,986,987,9,0.000000
1,divide,988,988,989,10,0.000000
1,merge,988,988,989,10,0.000000
1,divide,988,989,990,9,0.000008
1,merge,988,989,990,9,0.000000
1,divide,985,987,990,8,0.000036
1,merge,985,987,990,8,0.000000
1,divide,991,991,992,10,0.000000
1,merge,991,991,992,10,0.000000
1,divide,991,992,993,9,0.000009
1,merge,991,992,993,9,0.000000
1,divide,994,994,995,10,0.000000
1,merge,994,994,995,10,0.000000
1,divide,994,995,996,9,0.000009
1,merge,994,995,996,9,0.000000
1,divide,991,993,996,8,0.000037
1,merge,991,993,996,8,0.000000
1,divide,985,990,996,7,0.000093
1,merge,985,990,996,7,0.000001
1,divide,997,997,998,10,0.000000
1,merge,997,997,998,10,0.000000
1,divide,997,998,999,9,0.000010
1,merge,997,998,999,9,0.000000
1,divide,1000,1000,1001,10,0.000000
1,merge,1000,1000,1001,10,0.000000
1,divide,1000,1001,1002,9,0.000008
1,merge,1000,1001,1002,9,0.000000
1,divide,997,999,1002,8,0.000036
1,merge,997,999,1002,8,0.000000
1,divide,1003,1003,1004,10,0.000000
1,merge,1003,1003,1004,10,0.000000
1,divide,1003,1004,1005,9,0.000008
1,merge,1003,1004,1005,9,0.000000
1,divide,1006,1006,1007,10,0.000000
1,merge,1006,1006,1007,10,0.000000
1,divide,1006,1007,1008,9,0.000008
1,merge,1006,1007,1008,9,0.000000
1,divide,1003,1005,1008,8,0.000037
1,merge,1003,1005,1008,8,0.000000
1,divide,997,1002,1008,7,0.000089
1,merge,997,1002,1008,7,0.000001
1,divide,985,996,1008,6,0.000202
1,merge,985,996,1008,6,0.000001
1,divide,1009,1009,1010,10,0.000000
1,merge,1009,1009,1010,10,0.000000
1,divide,1009,1010,1011,9,0.000011
1,merge,1009,1010,1011,9,0.000000
1,divide,1012,1012,1013,10,0.000000
1,merge,1012,1012,1013,10,0.000000
1,divide,1012,1013,1014,9,0.000008
1,merge,1012,1013,1014,9,0.000000
1,divide,1009,1011,1014,8,0.000035
1,merge,1009,1011,1014,8,0.000000
1,divide,1015,1015,1016,10,0.000000
1,merge,1015,1015,1016,10,0.000000
1,divide,1015,1016,1017,9,0.000009
1,merge,1015,1016,1017,9,0.000000
1,divide,1018,1018,1019,10,0.000000
1,merge,1018,1018,1019,10,0.000000
1,divide,1018,1019,1020,9,0.000008
1,merge,1018,1019,1020,9,0.000000
1,divide,1015,1017,1020,8,0.000036
1,merge,1015,1017,1020,8,0.000000
1,divide,1009,1014,1020,7,0.000087
1,merge,1009,1014,1020,7,0.000001
1,divide,1021,1021,1022,10,0.000000
1,merge,1021,1021,1022,10,0.000000
1,divide,1021,1022,1023,9,0.000010
1,merge,1021,1022,1023,9,0.000000
1,divide,1024,1024,1025,10,0.000000
1,merge,1024,1024,1025,10,0.000000
1,divide,1024,1025,1026,9,0.000008
1,merge,1024,1025,1026,9,0.000000
1,divide,1021,1023,1026,8,0.000036
1,merge,1021,1023,1026,8,0.000000
1,divide,1027,1027,1028,10,0.000000
1,merge,1027,1027,1028,10,0.000000
1,divide,1027,1028,1029,9,0.000011
1,merge,1027,1028,1029,9,0.000000
1,divide,1030,1030,1031,9,0.000000
1,merge,1030,1030,1031,9,0.000000
1,divide,1027,1029,1031,8,0.000030
1,merge,1027,1029,1031,8,0.000000
1,divide,1021,1026,1031,7,0.000082
1,merge,1021,1026,1031,7,0.000000
1,divide,1009,1020,1031,6,0.000186
1,merge,1009,1020,1031,6,0.000001
1,divide,985,1008,1031,5,0.000405
1,merge,985,1008,1031,5,0.000002
1,divide,938,984,1031,4,0.020069
1,merge,938,984,1031,4,0.000006
1,divide,1032,1032,1033,10,0.000000
1,merge,1032,1032,1033,10,0.000000
1,divide,1032,1033,1034,9,0.000008
1,merge,1032,1033,1034,9,0.000000
1,divide,1035,1035,1036,10,0.000000
1,merge,1035,1035,1036,10,0.000000
1,divide,1035,1036,1037,9,0.000010
1,merge,1035,1036,1037,9,0.000000
1,divide,1032,1034,1037,8,0.000035
1,merge,1032,1034,1037,8,0.000000
1,divide,1038,1038,1039,10,0.000000
1,merge,1038,1038,1039,10,0.000000
1,divide,1038,1039,1040,9,0.000010
1,merge,1038,1039,1040,9,0.000000
1,divide,1041,1041,1042,10,0.000000
1,merge,1041,1041,1042,10,0.000000
1,divide,1041,1042,1043,9,0.000014
1,merge,1041,1042,1043,9,0.000000
1,divide,1038,1040,1043,8,0.000042
1,merge,1038,1040,1043,8,0.000000
1,divide,1032,1037,1043,7,0.000093
1,merge,1032,1037,1043,7,0.000000
1,divide,1044,1044,1045,10,0.000000
1,merge,1044,1044,1045,10,0.000000
1,divide,1044,1045,1046,9,0.000011
1,merge,1044,1045,1046,9,0.000000
1,divide,1047,1047,1048,10,0.000000
1,merge,1047,1047,1048,10,0.000000
1,divide,1047,1048,1049,9,0.000008
1,merge,1047,1048,1049,9,0.000000
1,divide,1044,1046,1049,8,0.000036
1,merge,1044,1046,1049,8,0.000000
1,divide,1050,1050,1051,10,0.000000
1,merge,1050,1050,1051,10,0.000002
1,divide,1050,1051,1052,9,0.000061
1,merge,1050,1051,1052,9,0.000000
1,divide,1053,1053,1054,10,0.000000
1,merge,1053,1053,1054,10,0.000000
1,divide,1053,1054,1055,9,0.000008
1,merge,1053,1054,1055,9,0.000000
1,divide,1050,1052,1055,8,0.000090
1,merge,1050,1052,1055,8,0.000001
1,divide,1044,1049,1055,7,0.006355
1,merge,1044,1049,1055,7,0.000001
1,divide,1032,1043,1055,6,0.006468
1,merge,1032,1043,1055,6,0.000001
1,divide,1056,1056,1057,10,0.000000
1,merge,1056,1056,1057,10,0.000000
1,divide,1056,1057,1058,9,0.000008
1,merge,1056,1057,1058,9,0.000000
1,divide,1059,1059,1060,10,0.000000
1,merge,1059,1059,1060,10,0.000000
1,divide,1059,1060,1061,9,0.000009
1,merge,1059,1060,1061,9,0.000000
1,divide,1056,1058,1061,8,0.000038
1,merge,1056,1058,1061,8,0.000000
1,divide,1062,1062,1063,10,0.000000
1,merge,1062,1062,1063,10,0.000000
1,divide,1062,1063,1064,9,0.000010
1,merge,1062,1063,1064,9,0.000000
1,divide,1065,1065,1066,10,0.000000
1,merge,1065,1065,1066,10,0.000000
1,divide,1065,1066,1067,9,0.000009
1,merge,1065,1066,1067,9,0.000000
1,divide,1062,1064,1067,8,0.000040
1,merge,1062,1064,1067,8,0.000000
1,divide,1056,1061,1067,7,0.000101
1,merge,1056,1061,1067,7,0.000001
1,divide,1068,1068,1069,10,0.000000
1,merge,1068,1068,1069,10,0.000000
1,divide,1068,1069,1070,9,0.000012
1,merge,1068,1069,1070,9,0.000000
1,divide,1071,1071,1072,10,0.000000
1,merge,1071,1071,1072,10,0.000000
1,divide,1071,1072,1073,9,0.000009
1,merge,1071,1072,1073,9,0.000000
1,divide,1068,1070,1073,8,0.000049
1,merge,1068,1070,1073,8,0.000000
1,divide,1074,1074,1075,10,0.000000
1,merge,1074,1074,1075,10,0.000000
1,divide,1074,1075,1076,9,0.000010
1,merge,1074,1075,1076,9,0.000000
1,divide,1077,1077,1078,9,0.000000
1,merge,1077,1077,1078,9,0.000000
1,divide,1074,1076,1078,8,0.000030
1,merge,1074,1076,1078,8,0.000000
1,divide,1068,1073,1078,7,0.000101
1,merge,1068,1073,1078,7,0.000001
1,divide,1056,1067,1078,6,0.000222
1,merge,1056,1067,1078,6,0.000001
1,divide,1032,1055,1078,5,0.006711
1,merge,1032,1055,1078,5,0.000002
1,divide,1079,1079,1080,10,0.000000
1,merge,1079,1079,1080,10,0.000000
1,divide,1079,1080,1081,9,0.000009
1,merge,1079,1080,1081,9,0.000000
1,divide,1082,1082,1083,10,0.000000
1,merge,1082,1082,1083,10,0.000000
1,divide,1082,1083,1084,9,0.000011
1,merge,1082,1083,1084,9,0.000000
1,divide,1079,1081,1084,8,0.000039
1,merge,1079,1081,1084,8,0.000000
1,divide,1085,1085,1086,10,0.000000
1,merge,1085,1085,1086,10,0.000000
1,divide,1085,1086,1087,9,0.000010
1,merge,1085,1086,1087,9,0.000000
1,divide,1088,1088,1089,10,0.000000
1,merge,1088,1088,1089,10,0.000000
1,divide,1088,1089,1090,9,0.000011
1,merge,1088,1089,1090,9,0.000000
1,divide,1085,1087,1090,8,0.000038
1,merge,1085,1087,1090,8,0.000000
1,divide,1079,1084,1090,7,0.000110
1,merge,1079,1084,1090,7,0.000001
1,divide,1091,1091,1092,10,0.000000
1,merge,1091,1091,1092,10,0.000000
1,divide,1091,1092,1093,9,0.000008
1,merge,1091,1092,1093,9,0.000000
1,divide,1094,1094,1095,10,0.000000
1,merge,1094,1094,1095,10,0.000000
1,divide,1094,1095,1096,9,0.000010
1,merge,1094,1095,1096,9,0.000000
1,divide,1091,1093,1096,8,0.000036
1,merge,1091,1093,1096,8,0.000000
1,divide,1097,1097,1098,10,0.000000
1,merge,1097,1097,1098,10,0.000000
1,divide,1097,1098,1099,9,0.000010
1,merge,1097,1098,1099,9,0.000000
1,divide,1100,1100,1101,9,0.000000
1,merge,1100,1100,1101,9,0.000000
1,divide,1097,1099,1101,8,0.000029
1,merge,1097,1099,1101,8,0.000000
1,divide,1091,1096,1101,7,0.000084
1,merge,1091,1096,1101,7,0.000001
1,divide,1079,1090,1101,6,0.000227
1,merge,1079,1090,1101,6,0.000001
1,divide,1102,1102,1103,10,0.000000
1,merge,1102,1102,1103,10,0.000000
1,divide,1102,1103,1104,9,0.000010
1,merge,1102,1103,1104,9,0.000000
1,divide,1105,1105,1106,10,0.000000
1,merge,1105,1105,1106,10,0.000000
1,divide,1105,1106,1107,9,0.000009
1,merge,1105,1106,1107,9,0.000000
1,divide,1102,1104,1107,8,0.000038
1,merge,1102,1104,1107,8,0.000000
1,divide,1108,1108,1109,10,0.000000
1,merge,1108,1108,1109,10,0.000000
1,divide,1108,1109,1110,9,0.000009
1,merge,1108,1109,1110,9,0.000000
1,divide,1111,1111,1112,10,0.000000
1,merge,1111,1111,1112,10,0.000000
1,divide,1111,1112,1113,9,0.000008
1,merge,1111,1112,1113,9,0.000000
1,divide,1108,1110,1113,8,0.000037
1,merge,1108,1110,1113,8,0.000000
1,divide,1102,1107,1113,7,0.000093
1,merge,1102,1107,1113,7,0.000001
1,divide,1114,1114,1115,10,0.000000
1,merge,1114,1114,1115,10,0.000000
1,divide,1114,1115,1116,9,0.000010
1,merge,1114,1115,1116,9,0.000000
1,divide,1117,1117,1118,10,0.000000
1,merge,1117,1117,1118,10,0.000000
1,divide,1117,1118,1119,9,0.000010
1,merge,1117,1118,1119,9,0.000000
1,divide,1114,1116,1119,8,0.000039
1,merge,1114,1116,1119,8,0.000000
1,divide,1120,1120,1121,10,0.000000
1,merge,1120,1120,1121,10,0.000000
1,divide,1120,1121,1122,9,0.000009
1,merge,1120,1121,1122,9,0.000000
1,divide,1123,1123,1124,9,0.000000
1,merge,1123,1123,1124,9,0.000000
1,divide,1120,1122,1124,8,0.000028
1,merge,1120,1122,1124,8,0.000000
1,divide,1114,1119,1124,7,0.004673
1,merge,1114,1119,1124,7,0.000003
1,divide,1102,1113,1124,6,0.004817
1,merge,1102,1113,1124,6,0.000002
1,divide,1079,1101,1124,5,0.005068
1,merge,1079,1101,1124,5,0.000002
1,divide,1032,1078,1124,4,0.011802
1,merge,1032,1078,1124,4,0.000005
1,divide,938,1031,1124,3,0.031898
1,merge,938,1031,1124,3,0.000007
1,divide,750,937,1124,2,0.040419
1,merge,750,937,1124,2,0.000013
1,divide,1125,1125,1126,10,0.000000
1,merge,1125,1125,1126,10,0.000000
1,divide,1125,1126,1127,9,0.000008
1,merge,1125,1126,1127,9,0.000001
1,divide,1128,1128,1129,10,0.000000
1,merge,1128,1128,1129,10,0.000000
1,divide,1128,1129,1130,9,0.000008
1,merge,1128,1129,1130,9,0.000000
1,divide,1125,1127,1130,8,0.000040
1,merge,1125,1127,1130,8,0.000001
1,divide,1131,1131,1132,10,0.000000
1,merge,1131,1131,1132,10,0.000000
1,divide,1131,1132,1133,9,0.000008
1,merge,1131,1132,1133,9,0.000000
1,divide,1134,1134,1135,10,0.000000
1,merge,1134,1134,1135,10,0.000000
1,divide,1134,1135,1136,9,0.000010
1,merge,1134,1135,1136,9,0.000000
1,divide,1131,1133,1136,8,0.000035
1,merge,1131,1133,1136,8,0.000000
1,divide,1125,1130,1136,7,0.000092
1,merge,1125,1130,1136,7,0.000001
1,divide,1137,1137,1138,10,0.000000
1,merge,1137,1137,1138,10,0.000000
1,divide,1137,1138,1139,9,0.000008
1,merge,1137,1138,1139,9,0.000000
1,divide,1140,1140,1141,10,0.000000
1,merge,1140,1140,1141,10,0.000000
1,divide,1140,1141,1142,9,0.000011
1,merge,1140,1141,1142,9,0.000000
1,divide,1137,1139,1142,8,0.000035
1,merge,1137,1139,1142,8,0.000000
1,divide,1143,1143,1144,10,0.000000
1,merge,1143,1143,1144,10,0.000000
1,divide,1143,1144,1145,9,0.000010
1,merge,1143,1144,1145,9,0.000000
1,divide,1146,1146,1147,10,0.000000
1,merge,1146,1146,1147,10,0.000000
1,divide,1146,1147,1148,9,0.000008
1,merge,1146,1147,1148,9,0.000000
1,divide,1143,1145,1148,8,0.000036
1,merge,1143,1145,1148,8,0.000000
1,divide,1137,1142,1148,7,0.000088
1,merge,1137,1142,1148,7,0.000000
1,divide,1125,1136,1148,6,0.000199
1,merge,1125,1136,1148,6,0.000001
1,divide,1149,1149,1150,10,0.000000
1,merge,1149,1149,1150,10,0.000000
1,divide,1149,1150,1151,9,0.000008
1,merge,1149,1150,1151,9,0.000000
1,divide,1152,1152,1153,10,0.000000
1,merge,1152,1152,1153,10,0.000000
1,divide,1152,1153,1154,9,0.000011
1,merge,1152,1153,1154,9,0.000000
1,divide,1149,1151,1154,8,0.000035
1,merge,1149,1151,1154,8,0.000000
1,divide,1155,1155,1156,10,0.000000
1,merge,1155,1155,1156,10,0.000000
1,divide,1155,1156,1157,9,0.000008
1,merge,1155,1156,1157,9,0.000000
1,divide,1158,1158,1159,10,0.000000
1,merge,1158,1158,1159,10,0.000000
1,divide,1158,1159,1160,9,0.000028
1,merge,1158,1159,1160,9,0.000000
1,divide,1155,1157,1160,8,0.000059
1,merge,1155,1157,1160,8,0.000000
1,divide,1149,1154,1160,7,0.000115
1,merge,1149,1154,1160,7,0.000001
1,divide,1161,1161,1162,10,0.000000
1,merge,1161,1161,1162,10,0.000000
1,divide,1161,1162,1163,9,0.000009
1,merge,1161,1162,1163,9,0.000000
1,divide,1164,1164,1165,10,0.000000
1,merge,1164,1164,1165,10,0.000000
1,divide,1164,1165,1166,9,0.000013
1,merge,1164,1165,1166,9,0.000000
1,divide,1161,1163,1166,8,0.000040
1,merge,1161,1163,1166,8,0.000000
1,divide,1167,1167,1168,10,0.000000
1,merge,1167,1167,1168,10,0.000000
1,divide,1167,1168,1169,9,0.000011
1,merge,1167,1168,1169,9,0.000000
1,divide,1170,1170,1171,9,0.000000
1,merge,1170,1170,1171,9,0.000000
1,divide,1167,1169,1171,8,0.000033
1,merge,1167,1169,1171,8,0.000000
1,divide,1161,1166,1171,7,0.000094
1,merge,1161,1166,1171,7,0.000001
1,divide,1149,1160,1171,6,0.000240
1,merge,1149,1160,1171,6,0.000001
1,divide,1125,1148,1171,5,0.000460
1,merge,1125,1148,1171,5,0.000002
1,divide,1172,1172,1173,10,0.000000
1,merge,1172,1172,1173,10,0.000000
1,divide,1172,1173,1174,9,0.000010
1,merge,1172,1173,1174,9,0.000000
1,divide,1175,1175,1176,10,0.000000
1,merge,1175,1175,1176,10,0.000000
1,divide,1175,1176,1177,9,0.000010
1,merge,1175,1176,1177,9,0.000000
1,divide,1172,1174,1177,8,0.000041
1,merge,1172,1174,1177,8,0.000000
1,divide,1178,1178,1179,10,0.000000
1,merge,1178,1178,1179,10,0.000000
1,divide,1178,1179,1180,9,0.000008
1,merge,1178,1179,1180,9,0.000000
1,divide,1181,1181,1182,10,0.000000
1,merge,1181,1181,1182,10,0.000000
1,divide,1181,1182,1183,9,0.000009
1,merge,1181,1182,1183,9,0.000000
1,divide,1178,1180,1183,8,0.000037
1,merge,1178,1180,1183,8,0.000000
1,divide,1172,1177,1183,7,0.000097
1,merge,1172,1177,1183,7,0.000001
1,divide,1184,1184,1185,10,0.000000
1,merge,1184,1184,1185,10,0.000000
1,divide,1184,1185,1186,9,0.000009
1,merge,1184,1185,1186,9,0.000000
1,divide,1187,1187,1188,10,0.000000
1,merge,1187,1187,1188,10,0.000000
1,divide,1187,1188,1189,9,0.000011
1,merge,1187,1188,1189,9,0.000000
1,divide,1184,1186,1189,8,0.000038
1,merge,1184,1186,1189,8,0.000000
1,divide,1190,1190,1191,10,0.000000
1,merge,1190,1190,1191,10,0.000000
1,divide,1190,1191,1192,9,0.000013
1,merge,1190,1191,1192,9,0.000000
1,divide,1193,1193,1194,10,0.000000
1,merge,1193,1193,1194,10,0.000000
1,divide,1193,1194,1195,9,0.000012
1,merge,1193,1194,1195,9,0.000000
1,divide,1190,1192,1195,8,0.000044
1,merge,1190,1192,1195,8,0.000000
1,divide,1184,1189,1195,7,0.000103
1,merge,1184,1189,1195,7,0.000001
1,divide,1172,1183,1195,6,0.000220
1,merge,1172,1183,1195,6,0.000001
1,divide,1196,1196,1197,10,0.000000
1,merge,1196,1196,1197,10,0.000000
1,divide,1196,1197,1198,9,0.000009
1,merge,1196,1197,1198,9,0.000000
1,divide,1199,1199,1200,10,0.000000
1,merge,1199,1199,1200,10,0.000000
1,divide,1199,1200,1201,9,0.000013
1,merge,1199,1200,1201,9,0.000000
1,divide,1196,1198,1201,8,0.000041
1,merge,1196,1198,1201,8,0.000000
1,divide,1202,1202,1203,10,0.000000
1,merge,1202,1202,1203,10,0.000000
1,divide,1202,1203,1204,9,0.000009
1,merge,1202,1203,1204,9,0.000000
1,divide,1205,1205,1206,10,0.000000
1,merge,1205,1205,1206,10,0.000000
1,divide,1205,1206,1207,9,0.000010
1,merge,1205,1206,1207,9,0.000000
1,divide,1202,1204,1207,8,0.000039
1,merge,1202,1204,1207,8,0.000000
1,divide,1196,1201,1207,7,0.000100
1,merge,1196,1201,1207,7,0.000001
1,divide,1208,1208,1209,10,0.000000
1,merge,1208,1208,1209,10,0.000000
1,divide,1208,1209,1210,9,0.000011
1,merge,1208,1209,1210,9,0.000000
1,divide,1211,1211,1212,10,0.000000
1,merge,1211,1211,1212,10,0.000000
1,divide,1211,1212,1213,9,0.000008
1,merge,1211,1212,1213,9,0.000000
1,divide,1208,1210,1213,8,0.000041
1,merge,1208,1210,1213,8,0.000000
1,divide,1214,1214,1215,10,0.000000
1,merge,1214,1214,1215,10,0.000000
1,divide,1214,1215,1216,9,0.000009
1,merge,1214,1215,1216,9,0.000000
1,divide,1217,1217,1218,9,0.000000
1,merge,1217,1217,1218,9,0.000000
1,divide,1214,1216,1218,8,0.000031
1,merge,1214,1216,1218,8,0.000000
1,divide,1208,1213,1218,7,0.000090
1,merge,1208,1213,1218,7,0.000000
1,divide,1196,1207,1218,6,0.000223
1,merge,1196,1207,1218,6,0.000001
1,divide,1172,1195,1218,5,0.000471
1,merge,1172,1195,1218,5,0.000002
1,divide,1125,1171,1218,4,0.000951
1,merge,1125,1171,1218,4,0.000004
1,divide,1219,1219,1220,10,0.000000
1,merge,1219,1219,1220,10,0.000000
1,divide,1219,1220,1221,9,0.000009
1,merge,1219,1220,1221,9,0.000000
1,divide,1222,1222,1223,10,0.000000
1,merge,1222,1222,1223,10,0.000000
1,divide,1222,1223,1224,9,0.000012
1,merge,1222,1223,1224,9,0.000000
1,divide,1219,1221,1224,8,0.000038
1,merge,1219,1221,1224,8,0.000000
1,divide,1225,1225,1226,10,0.000000
1,merge,1225,1225,1226,10,0.000000
1,divide,1225,1226,1227,9,0.000010
1,merge,1225,1226,1227,9,0.000000
1,divide,1228,1228,1229,10,0.000000
1,merge,1228,1228,1229,10,0.000000
1,divide,1228,1229,1230,9,0.000008
1,merge,1228,1229,1230,9,0.000000
1,divide,1225,1227,1230,8,0.000039
1,merge,1225,1227,1230,8,0.000000
1,divide,1219,1224,1230,7,0.000095
1,merge,1219,1224,1230,7,0.000001
1,divide,1231,1231,1232,10,0.000000
1,merge,1231,1231,1232,10,0.000000
1,divide,1231,1232,1233,9,0.000010
1,merge,1231,1232,1233,9,0.000000
1,divide,1234,1234,1235,10,0.000000
1,merge,1234,1234,1235,10,0.000000
1,divide,1234,1235,1236,9,0.000012
1,merge,1234,1235,1236,9,0.000000
1,divide,1231,1233,1236,8,0.000041
1,merge,1231,1233,1236,8,0.000000
1,divide,1237,1237,1238,10,0.000000
1,merge,1237,1237,1238,10,0.000000
1,divide,1237,1238,1239,9,0.000012
1,merge,1237,1238,1239,9,0.000000
1,divide,1240,1240,1241,10,0.000000
1,merge,1240,1240,1241,10,0.000000
1,divide,1240,1241,1242,9,0.000011
1,merge,1240,1241,1242,9,0.000000
1,divide,1237,1239,1242,8,0.000047
1,merge,1237,1239,1242,8,0.000000
1,divide,1231,1236,1242,7,0.000105
1,merge,1231,1236,1242,7,0.000001
1,divide,1219,1230,1242,6,0.000226
1,merge,1219,1230,1242,6,0.000001
1,divide,1243,1243,1244,10,0.000000
1,merge,1243,1243,1244,10,0.000000
1,divide,1243,1244,1245,9,0.000011
1,merge,1243,1244,1245,9,0.000000
1,divide,1246,1246,1247,10,0.000000
1,merge,1246,1246,1247,10,0.000000
1,divide,1246,1247,1248,9,0.000009
1,merge,1246,1247,1248,9,0.000000
1,divide,1243,1245,1248,8,0.000039
1,merge,1243,1245,1248,8,0.000000
1,divide,1249,1249,1250,10,0.000000
1,merge,1249,1249,1250,10,0.000000
1,divide,1249,1250,1251,9,0.000009
1,merge,1249,1250,1251,9,0.000000
1,divide,1252,1252,1253,10,0.000000
1,merge,1252,1252,1253,10,0.000000
1,divide,1252,1253,1254,9,0.000012
1,merge,1252,1253,1254,9,0.000003
1,divide,1249,1251,1254,8,0.017765
1,merge,1249,1251,1254,8,0.000003
1,divide,1243,1248,1254,7,0.017828
1,merge,1243,1248,1254,7,0.000001
1,divide,1255,1255,1256,10,0.000000
1,merge,1255,1255,1256,10,0.000001
1,divide,1255,1256,1257,9,0.000009
1,merge,1255,1256,1257,9,0.000001
1,divide,1258,1258,1259,10,0.000000
1,merge,1258,1258,1259,10,0.000000
1,divide,1258,1259,1260,9,0.000011
1,merge,1258,1259,1260,9,0.000000
1,divide,1255,1257,1260,8,0.000038
1,merge,1255,1257,1260,8,0.000000
1,divide,1261,1261,1262,10,0.000000
1,merge,1261,1261,1262,10,0.000000
1,divide,1261,1262,1263,9,0.000010
1,merge,1261,1262,1263,9,0.000000
1,divide,1264,1264,1265,9,0.000000
1,merge,1264,1264,1265,9,0.000000
1,divide,1261,1263,1265,8,0.000027
1,merge,1261,1263,1265,8,0.000000
1,divide,1255,1260,1265,7,0.000085
1,merge,1255,1260,1265,7,0.000001
1,divide,1243,1254,1265,6,0.017936
1,merge,1243,1254,1265,6,0.000001
1,divide,1219,1242,1265,5,0.018192
1,merge,1219,1242,1265,5,0.000002
1,divide,1266,1266,1267,10,0.000000
1,merge,1266,1266,1267,10,0.000000
1,divide,1266,1267,1268,9,0.000008
1,merge,1266,1267,1268,9,0.000000
1,divide,1269,1269,1270,10,0.000000
1,merge,1269,1269,1270,10,0.000000
1,divide,1269,1270,1271,9,0.000008
1,merge,1269,1270,1271,9,0.000000
1,divide,1266,1268,1271,8,0.000035
1,merge,1266,1268,1271,8,0.000000
1,divide,1272,1272,1273,10,0.000000
1,merge,1272,1272,1273,10,0.000000
1,divide,1272,1273,1274,9,0.000010
1,merge,1272,1273,1274,9,0.000000
1,divide,1275,1275,1276,10,0.000000
1,merge,1275,1275,1276,10,0.000000
1,divide,1275,1276,1277,9,0.000011
1,merge,1275,1276,1277,9,0.000000
1,divide,1272,1274,1277,8,0.000037
1,merge,1272,1274,1277,8,0.000000
1,divide,1266,1271,1277,7,0.000104
1,merge,1266,1271,1277,7,0.000001
1,divide,1278,1278,1279,10,0.000000
1,merge,1278,1278,1279,10,0.000000
1,divide,1278,1279,1280,9,0.000008
1,merge,1278,1279,1280,9,0.000001
1,divide,1281,1281,1282,10,0.000000
1,merge,1281,1281,1282,10,0.000000
1,divide,1281,1282,1283,9,0.000009
1,merge,1281,1282,1283,9,0.000000
1,divide,1278,1280,1283,8,0.001066
1,merge,1278,1280,1283,8,0.000000
1,divide,1284,1284,1285,10,0.000000
1,merge,1284,1284,1285,10,0.000000
1,divide,1284,1285,1286,9,0.000008
1,merge,1284,1285,1286,9,0.000000
1,divide,1287,1287,1288,10,0.000000
1,merge,1287,1287,1288,10,0.000000
1,divide,1287,1288,1289,9,0.000009
1,merge,1287,1288,1289,9,0.000000
1,divide,1284,1286,1289,8,0.000038
1,merge,1284,1286,1289,8,0.000000
1,divide,1278,1283,1289,7,0.001124
1,merge,1278,1283,1289,7,0.000001
1,divide,1266,1277,1289,6,0.001248
1,merge,1266,1277,1289,6,0.000001
1,divide,1290,1290,1291,10,0.000000
1,merge,1290,1290,1291,10,0.000000
1,divide,1290,1291,1292,9,0.000010
1,merge,1290,1291,1292,9,0.000000
1,divide,1293,1293,1294,10,0.000000
1,merge,1293,1293,1294,10,0.000000
1,divide,1293,1294,1295,9,0.000010
1,merge,1293,1294,1295,9,0.000000
1,divide,1290,1292,1295,8,0.000041
1,merge,1290,1292,1295,8,0.000000
1,divide,1296,1296,1297,10,0.000000
1,merge,1296,1296,1297,10,0.000000
1,divide,1296,1297,1298,9,0.000011
1,merge,1296,1297,1298,9,0.000000
1,divide,1299,1299,1300,10,0.000000
1,merge,1299,1299,1300,10,0.000000
1,divide,1299,1300,1301,9,0.000008
1,merge,1299,1300,1301,9,0.000000
1,divide,1296,1298,1301,8,0.000038
1,merge,1296,1298,1301,8,0.000000
1,divide,1290,1295,1301,7,0.000097
1,merge,1290,1295,1301,7,0.000001
1,divide,1302,1302,1303,10,0.000000
1,merge,1302,1302,1303,10,0.000000
1,divide,1302,1303,1304,9,0.000012
1,merge,1302,1303,1304,9,0.000000
1,divide,1305,1305,1306,10,0.000000
1,merge,1305,1305,1306,10,0.000000
1,divide,1305,1306,1307,9,0.000010
1,merge,1305,1306,1307,9,0.000000
1,divide,1302,1304,1307,8,0.000041
1,merge,1302,1304,1307,8,0.000000
1,divide,1308,1308,1309,10,0.000000
1,merge,1308,1308,1309,10,0.000000
1,divide,1308,1309,1310,9,0.000011
1,merge,1308,1309,1310,9,0.000000
1,divide,1311,1311,1312,9,0.000000
1,merge,1311,1311,1312,9,0.000000
1,divide,1308,1310,1312,8,0.000029
1,merge,1308,1310,1312,8,0.000000
1,divide,1302,1307,1312,7,0.000088
1,merge,1302,1307,1312,7,0.000001
1,divide,1290,1301,1312,6,0.000203
1,merge,1290,1301,1312,6,0.000001
1,divide,1266,1289,1312,5,0.001473
1,merge,1266,1289,1312,5,0.000002
1,divide,1219,1265,1312,4,0.019687
1,merge,1219,1265,1312,4,0.000005
1,divide,1125,1218,1312,3,0.020667
1,merge,1125,1218,1312,3,0.000007
1,divide,1313,1313,1314,10,0.000000
1,merge,1313,1313,1314,10,0.000000
1,divide,1313,1314,1315,9,0.000010
1,merge,1313,1314,1315,9,0.000000
1,divide,1316,1316,1317,10,0.000000
1,merge,1316,1316,1317,10,0.000000
1,divide,1316,1317,1318,9,0.000010
1,merge,1316,1317,1318,9,0.000000
1,divide,1313,1315,1318,8,0.000040
1,merge,1313,1315,1318,8,0.000000
1,divide,1319,1319,1320,10,0.000000
1,merge,1319,1319,1320,10,0.000000
1,divide,1319,1320,1321,9,0.000011
1,merge,1319,1320,1321,9,0.000000
1,divide,1322,1322,1323,10,0.000000
1,merge,1322,1322,1323,10,0.000000
1,divide,1322,1323,1324,9,0.000009
1,merge,1322,1323,1324,9,0.000000
1,divide,1319,1321,1324,8,0.000040
1,merge,1319,1321,1324,8,0.000000
1,divide,1313,1318,1324,7,0.000098
1,merge,1313,1318,1324,7,0.000001
1,divide,1325,1325,1326,10,0.000000
1,merge,1325,1325,1326,10,0.000000
1,divide,1325,1326,1327,9,0.000008
1,merge,1325,1326,1327,9,0.000000
1,divide,1328,1328,1329,10,0.000000
1,merge,1328,1328,1329,10,0.000000
1,divide,1328,1329,1330,9,0.000009
1,merge,1328,1329,1330,9,0.000000
1,divide,1325,1327,1330,8,0.000037
1,merge,1325,1327,1330,8,0.000000
1,divide,1331,1331,1332,10,0.000000
1,merge,1331,1331,1332,10,0.000000
1,divide,1331,1332,1333,9,0.000010
1,merge,1331,1332,1333,9,0.000000
1,divide,1334,1334,1335,10,0.000000
1,merge,1334,1334,1335,10,0.000000
1,divide,1334,1335,1336,9,0.000010
1,merge,1334,1335,1336,9,0.000000
1,divide,1331,1333,1336,8,0.000038
1,merge,1331,1333,1336,8,0.000000
1,divide,1325,1330,1336,7,0.000099
1,merge,1325,1330,1336,7,0.000001
1,divide,1313,1324,1336,6,0.000216
1,merge,1313,1324,1336,6,0.000001
1,divide,1337,1337,1338,10,0.000000
1,merge,1337,1337,1338,10,0.000000
1,divide,1337,1338,1339,9,0.000009
1,merge,1337,1338,1339,9,0.000000
1,divide,1340,1340,1341,10,0.000000
1,merge,1340,1340,1341,10,0.000000
1,divide,1340,1341,1342,9,0.000011
1,merge,1340,1341,1342,9,0.000000
1,divide,1337,1339,1342,8,0.000037
1,merge,1337,1339,1342,8,0.000000
1,divide,1343,1343,1344,10,0.000000
1,merge,1343,1343,1344,10,0.000000
1,divide,1343,1344,1345,9,0.000010
1,merge,1343,1344,1345,9,0.000000
1,divide,1346,1346,1347,10,0.000000
1,merge,1346,1346,1347,10,0.000000
1,divide,1346,1347,1348,9,0.000008
1,merge,1346,1347,1348,9,0.000000
1,divide,1343,1345,1348,8,0.000038
1,merge,1343,1345,1348,8,0.000000
1,divide,1337,1342,1348,7,0.000093
1,merge,1337,1342,1348,7,0.000000
1,divide,1349,1349,1350,10,0.000000
1,merge,1349,1349,1350,10,0.000000
1,divide,1349,1350,1351,9,0.000008
1,merge,1349,1350,1351,9,0.000000
1,divide,1352,1352,1353,10,0.000000
1,merge,1352,1352,1353,10,0.000000
1,divide,1352,1353,1354,9,0.000010
1,merge,1352,1353,1354,9,0.000000
1,divide,1349,1351,1354,8,0.000036
1,merge,1349,1351,1354,8,0.000000
1,divide,1355,1355,1356,10,0.000000
1,merge,1355,1355,1356,10,0.000000
1,divide,1355,1356,1357,9,0.000011
1,merge,1355,1356,1357,9,0.000000
1,divide,1358,1358,1359,9,0.000000
1,merge,1358,1358,1359,9,0.000000
1,divide,1355,1357,1359,8,0.000031
1,merge,1355,1357,1359,8,0.000000
1,divide,1349,1354,1359,7,0.000084
1,merge,1349,1354,1359,7,0.000001
1,divide,1337,1348,1359,6,0.000196
1,merge,1337,1348,1359,6,0.000001
1,divide,1313,1336,1359,5,0.000437
1,merge,1313,1336,1359,5,0.000002
1,divide,1360,1360,1361,10,0.000000
1,merge,1360,1360,1361,10,0.000000
1,divide,1360,1361,1362,9,0.000008
1,merge,1360,1361,1362,9,0.000000
1,divide,1363,1363,1364,10,0.000000
1,merge,1363,1363,1364,10,0.000000
1,divide,1363,1364,1365,9,0.000009
1,merge,1363,1364,1365,9,0.000000
1,divide,1360,1362,1365,8,0.000038
1,merge,1360,1362,1365,8,0.000000
1,divide,1366,1366,1367,10,0.000000
1,merge,1366,1366,1367,10,0.000000
1,divide,1366,1367,1368,9,0.000010
1,merge,1366,1367,1368,9,0.000000
1,divide,1369,1369,1370,10,0.000000
1,merge,1369,1369,1370,10,0.000000
1,divide,1369,1370,1371,9,0.000008
1,merge,1369,1370,1371,9,0.000000
1,divide,1366,1368,1371,8,0.000035
1,merge,1366,1368,1371,8,0.000000
1,divide,1360,1365,1371,7,0.000093
1,merge,1360,1365,1371,7,0.000000
1,divide,1372,1372,1373,10,0.000000
1,merge,1372,1372,1373,10,0.000000
1,divide,1372,1373,1374,9,0.000008
1,merge,1372,1373,1374,9,0.000000
1,divide,1375,1375,1376,10,0.000000
1,merge,1375,1375,1376,10,0.000000
1,divide,1375,1376,1377,9,0.000009
1,merge,1375,1376,1377,9,0.000000
1,divide,1372,1374,1377,8,0.000039
1,merge,1372,1374,1377,8,0.000000
1,divide,1378,1378,1379,10,0.000000
1,merge,1378,1378,1379,10,0.000000
1,divide,1378,1379,1380,9,0.000011
1,merge,1378,1379,1380,9,0.000001
1,divide,1381,1381,1382,10,0.000000
1,merge,1381,1381,1382,10,0.000000
1,divide,1381,1382,1383,9,0.000010
1,merge,1381,1382,1383,9,0.000000
1,divide,1378,1380,1383,8,0.001586
1,merge,1378,1380,1383,8,0.000001
1,divide,1372,1377,1383,7,0.001643
1,merge,1372,1377,1383,7,0.000001
1,divide,1360,1371,1383,6,0.001756
1,merge,1360,1371,1383,6,0.000002
1,divide,1384,1384,1385,10,0.000000
1,merge,1384,1384,1385,10,0.000000
1,divide,1384,1385,1386,9,0.000011
1,merge,1384,1385,1386,9,0.000000
1,divide,1387,1387,1388,10,0.000000
1,merge,1387,1387,1388,10,0.000000
1,divide,1387,1388,1389,9,0.000008
1,merge,1387,1388,1389,9,0.000000
1,divide,1384,1386,1389,8,0.000038
1,merge,1384,1386,1389,8,0.000000
1,divide,1390,1390,1391,10,0.000000
1,merge,1390,1390,1391,10,0.000000
1,divide,1390,1391,1392,9,0.000008
1,merge,1390,1391,1392,9,0.000000
1,divide,1393,1393,1394,10,0.000000
1,merge,1393,1393,1394,10,0.000000
1,divide,1393,1394,1395,9,0.000008
1,merge,1393,1394,1395,9,0.000000
1,divide,1390,1392,1395,8,0.000033
1,merge,1390,1392,1395,8,0.000000
1,divide,1384,1389,1395,7,0.000090
1,merge,1384,1389,1395,7,0.000001
1,divide,1396,1396,1397,10,0.000000
1,merge,1396,1396,1397,10,0.000000
1,divide,1396,1397,1398,9,0.000008
1,merge,1396,1397,1398,9,0.000000
1,divide,1399,1399,1400,10,0.000000
1,merge,1399,1399,1400,10,0.000000
1,divide,1399,1400,1401,9,0.000008
1,merge,1399,1400,1401,9,0.000000
1,divide,1396,1398,1401,8,0.000035
1,merge,1396,1398,1401,8,0.000000
1,divide,1402,1402,1403,10,0.000000
1,merge,1402,1402,1403,10,0.000000
1,divide,1402,1403,1404,9,0.000008
1,merge,1402,1403,1404,9,0.000000
1,divide,1405,1405,1406,9,0.000000
1,merge,1405,1405,1406,9,0.000000
1,divide,1402,1404,1406,8,0.000027
1,merge,1402,1404,1406,8,0.000000
1,divide,1396,1401,1406,7,0.000081
1,merge,1396,1401,1406,7,0.000000
1,divide,1384,1395,1406,6,0.000197
1,merge,1384,1395,1406,6,0.000001
1,divide,1360,1383,1406,5,0.001974
1,merge,1360,1383,1406,5,0.000002
1,divide,1313,1359,1406,4,0.002430
1,merge,1313,1359,1406,4,0.000005
1,divide,1407,1407,1408,10,0.000000
1,merge,1407,1407,1408,10,0.000000
1,divide,1407,1408,1409,9,0.000010
1,merge,1407,1408,1409,9,0.000000
1,divide,1410,1410,1411,10,0.000000
1,merge,1410,1410,1411,10,0.000000
1,divide,1410,1411,1412,9,0.000008
1,merge,1410,1411,1412,9,0.000000
1,divide,1407,1409,1412,8,0.000036
1,merge,1407,1409,1412,8,0.000000
1,divide,1413,1413,1414,10,0.000000
1,merge,1413,1413,1414,10,0.000000
1,divide,1413,1414,1415,9,0.000008
1,merge,1413,1414,1415,9,0.000000
1,divide,1416,1416,1417,10,0.000000
1,merge,1416,1416,1417,10,0.000000
1,divide,1416,1417,1418,9,0.000010
1,merge,1416,1417,1418,9,0.000000
1,divide,1413,1415,1418,8,0.000034
1,merge,1413,1415,1418,8,0.000000
1,divide,1407,1412,1418,7,0.000089
1,merge,1407,1412,1418,7,0.000001
1,divide,1419,1419,1420,10,0.000000
1,merge,1419,1419,1420,10,0.000000
1,divide,1419,1420,1421,9,0.000011
1,merge,1419,1420,1421,9,0.000000
1,divide,1422,1422,1423,10,0.000000
1,merge,1422,1422,1423,10,0.000000
1,divide,1422,1423,1424,9,0.000009
1,merge,1422,1423,1424,9,0.000000
1,divide,1419,1421,1424,8,0.000038
1,merge,1419,1421,1424,8,0.000000
1,divide,1425,1425,1426,10,0.000000
1,merge,1425,1425,1426,10,0.000000
1,divide,1425,1426,1427,9,0.000009
1,merge,1425,1426,1427,9,0.000000
1,divide,1428,1428,1429,10,0.000000
1,merge,1428,1428,1429,10,0.000001
1,divide,1428,1429,1430,9,0.001161
1,merge,1428,1429,1430,9,0.000000
1,divide,1425,1427,1430,8,0.001189
1,merge,1425,1427,1430,8,0.000000
1,divide,1419,1424,1430,7,0.001245
1,merge,1419,1424,1430,7,0.000001
1,divide,1407,1418,1430,6,0.001351
1,merge,1407,1418,1430,6,0.000001
1,divide,1431,1431,1432,10,0.000000
1,merge,1431,1431,1432,10,0.000000
1,divide,1431,1432,1433,9,0.000011
1,merge,1431,1432,1433,9,0.000000
1,divide,1434,1434,1435,10,0.000000
1,merge,1434,1434,1435,10,0.000000
1,divide,1434,1435,1436,9,0.000015
1,merge,1434,1435,1436,9,0.000000
1,divide,1431,1433,1436,8,0.000044
1,merge,1431,1433,1436,8,0.000000
1,divide,1437,1437,1438,10,0.000000
1,merge,1437,1437,1438,10,0.000000
1,divide,1437,1438,1439,9,0.000039
1,merge,1437,1438,1439,9,0.000000
1,divide,1440,1440,1441,10,0.000000
1,merge,1440,1440,1441,10,0.000000
1,divide,1440,1441,1442,9,0.000010
1,merge,1440,1441,1442,9,0.000000
1,divide,1437,1439,1442,8,0.000069
1,merge,1437,1439,1442,8,0.000000
1,divide,1431,1436,1442,7,0.000161
1,merge,1431,1436,1442,7,0.000001
1,divide,1443,1443,1444,10,0.000000
1,merge,1443,1443,1444,10,0.000000
1,divide,1443,1444,1445,9,0.000009
1,merge,1443,1444,1445,9,0.000000
1,divide,1446,1446,1447,10,0.000000
1,merge,1446,1446,1447,10,0.000000
1,divide,1446,1447,1448,9,0.000009
1,merge,1446,1447,1448,9,0.000000
1,divide,1443,1445,1448,8,0.000037
1,merge,1443,1445,1448,8,0.000000
1,divide,1449,1449,1450,10,0.000000
1,merge,1449,1449,1450,10,0.000000
1,divide,1449,1450,1451,9,0.000012
1,merge,1449,1450,1451,9,0.000000
1,divide,1452,1452,1453,9,0.000000
1,merge,1452,1452,1453,9,0.000000
1,divide,1449,1451,1453,8,0.000029
1,merge,1449,1451,1453,8,0.000000
1,divide,1443,1448,1453,7,0.000085
1,merge,1443,1448,1453,7,0.000001
1,divide,1431,1442,1453,6,0.000267
1,merge,1431,1442,1453,6,0.000001
1,divide,1407,1430,1453,5,0.001635
1,merge,1407,1430,1453,5,0.000002
1,divide,1454,1454,1455,10,0.000000
1,merge,1454,1454,1455,10,0.000000
1,divide,1454,1455,1456,9,0.000010
1,merge,1454,1455,1456,9,0.000000
1,divide,1457,1457,1458,10,0.000000
1,merge,1457,1457,1458,10,0.000000
1,divide,1457,1458,1459,9,0.000012
1,merge,1457,1458,1459,9,0.000000
1,divide,1454,1456,1459,8,0.000039
1,merge,1454,1456,1459,8,0.000000
1,divide,1460,1460,1461,10,0.000000
1,merge,1460,1460,1461,10,0.000000
1,divide,1460,1461,1462,9,0.000010
1,merge,1460,1461,1462,9,0.000000
1,divide,1463,1463,1464,10,0.000000
1,merge,1463,1463,1464,10,0.000000
1,divide,1463,1464,1465,9,0.000008
1,merge,1463,1464,1465,9,0.000000
1,divide,1460,1462,1465,8,0.000036
1,merge,1460,1462,1465,8,0.000000
1,divide,1454,1459,1465,7,0.000094
1,merge,1454,1459,1465,7,0.000001
1,divide,1466,1466,1467,10,0.000000
1,merge,1466,1466,1467,10,0.000000
1,divide,1466,1467,1468,9,0.000011
1,merge,1466,1467,1468,9,0.000000
1,divide,1469,1469,1470,10,0.000000
1,merge,1469,1469,1470,10,0.000000
1,divide,1469,1470,1471,9,0.000008
1,merge,1469,1470,1471,9,0.000000
1,divide,1466,1468,1471,8,0.000040
1,merge,1466,1468,1471,8,0.000000
1,divide,1472,1472,1473,10,0.000000
1,merge,1472,1472,1473,10,0.000000
1,divide,1472,1473,1474,9,0.000011
1,merge,1472,1473,1474,9,0.000000
1,divide,1475,1475,1476,9,0.000000
1,merge,1475,1475,1476,9,0.000000
1,divide,1472,1474,1476,8,0.000404
1,merge,1472,1474,1476,8,0.000000
1,divide,1466,1471,1476,7,0.000465
1,merge,1466,1471,1476,7,0.000001
1,divide,1454,1465,1476,6,0.000577
1,merge,1454,1465,1476,6,0.000001
1,divide,1477,1477,1478,10,0.000000
1,merge,1477,1477,1478,10,0.000000
1,divide,1477,1478,1479,9,0.000010
1,merge,1477,1478,1479,9,0.000000
1,divide,1480,1480,1481,10,0.000000
1,merge,1480,1480,1481,10,0.000000
1,divide,1480,1481,1482,9,0.000012
1,merge,1480,1481,1482,9,0.000000
1,divide,1477,1479,1482,8,0.000042
1,merge,1477,1479,1482,8,0.000000
1,divide,1483,1483,1484,10,0.000000
1,merge,1483,1483,1484,10,0.000000
1,divide,1483,1484,1485,9,0.000011
1,merge,1483,1484,1485,9,0.000000
1,divide,1486,1486,1487,10,0.000000
1,merge,1486,1486,1487,10,0.000000
1,divide,1486,1487,1488,9,0.000010
1,merge,1486,1487,1488,9,0.000000
1,divide,1483,1485,1488,8,0.000092
1,merge,1483,1485,1488,8,0.000000
1,divide,1477,1482,1488,7,0.000152
1,merge,1477,1482,1488,7,0.000001
1,divide,1489,1489,1490,10,0.000000
1,merge,1489,1489,1490,10,0.000000
1,divide,1489,1490,1491,9,0.000010
1,merge,1489,1490,1491,9,0.000000
1,divide,1492,1492,1493,10,0.000000
1,merge,1492,1492,1493,10,0.000000
1,divide,1492,1493,1494,9,0.000009
1,merge,1492,1493,1494,9,0.000000
1,divide,1489,1491,1494,8,0.000041
1,merge,1489,1491,1494,8,0.000000
1,divide,1495,1495,1496,10,0.000000
1,merge,1495,1495,1496,10,0.000000
1,divide,1495,1496,1497,9,0.000011
1,merge,1495,1496,1497,9,0.000000
1,divide,1498,1498,1499,9,0.000000
1,merge,1498,1498,1499,9,0.000000
1,divide,1495,1497,1499,8,0.000031
1,merge,1495,1497,1499,8,0.000000
1,divide,1489,1494,1499,7,0.000092
1,merge,1489,1494,1499,7,0.000001
1,divide,1477,1488,1499,6,0.000264
1,merge,1477,1488,1499,6,0.000001
1,divide,1454,1476,1499,5,0.000862
1,merge,1454,1476,1499,5,0.000002
1,divide,1407,1453,1499,4,0.002526
1,merge,1407,1453,1499,4,0.000004
1,divide,1313,1406,1499,3,0.004987
1,merge,1313,1406,1499,3,0.000007
1,divide,1125,1312,1499,2,0.025699
1,merge,1125,1312,1499,2,0.000013
1,divide,750,1124,1499,1,0.066163
1,merge,750,1124,1499,1,0.000025
1,divide,0,749,1499,0,0.091739
1,merge,0,749,1499,0,0.000060
